,+/-,3P,3P%,3PA,AST,Away,BLK,DRB,Date,FG,FG%,FGA,FT,FT%,FTA,G,G#,GS,GmSc,MP,ORB,Opp,PF,PTS,Result,STL,Season,Series,TOV,TRB,Tm
0,+7,0,.000,1,7,,0,1,2009-10-28,7,.583,12,0,,0,1,1,1,15.5,35:39,1,HOU,2,14,L (-1),4,2009-2010,Regular Season,2,2,GSW
1,-19,2,.667,3,4,@,0,2,2009-10-30,5,.556,9,0,,0,2,1,1,7.1,39:05,0,PHO,5,12,L (-22),1,2009-2010,Regular Season,3,2,GSW
2,-4,1,.500,2,9,,0,5,2009-11-04,3,.500,6,0,,0,3,1,1,11.2,28:27,0,MEM,4,7,W (+8),2,2009-2010,Regular Season,1,5,GSW
3,-13,0,.000,1,3,,0,1,2009-11-06,1,.200,5,3,.750,4,4,1,1,1.5,21:32,0,LAC,6,5,L (-28),0,2009-2010,Regular Season,0,1,GSW
4,-5,1,.500,2,6,@,0,3,2009-11-08,4,.500,8,0,.000,2,5,1,1,3.4,31:15,1,SAC,4,9,L (-13),0,2009-2010,Regular Season,5,4,GSW
5,+28,1,.500,2,5,,0,2,2009-11-09,2,.250,8,3,.750,4,6,1,1,5.5,29:49,0,MIN,1,8,W (+41),1,2009-2010,Regular Season,2,2,GSW
6,-13,0,.000,2,4,@,0,1,2009-11-11,3,.429,7,0,,0,7,1,0,2.6,21:11,0,IND,2,6,L (-14),1,2009-2010,Regular Season,3,1,GSW
7,+3,0,,0,0,@,1,0,2009-11-13,0,,0,0,,0,8,1,0,0.3,2:35,0,NYK,1,0,W (+14),0,2009-2010,Regular Season,0,0,GSW
8,+2,2,1.000,2,2,@,1,3,2009-11-14,6,.667,9,0,,0,9,1,0,12.8,25:57,1,MIL,5,14,L (-4),2,2009-2010,Regular Season,1,4,GSW
9,-4,2,.333,6,7,@,0,5,2009-11-17,6,.600,10,0,.000,1,10,1,1,11.6,41:18,0,CLE,2,14,L (-6),0,2009-2010,Regular Season,3,5,GSW
10,+5,1,.250,4,7,@,0,0,2009-11-18,4,.400,10,4,1.000,4,11,1,1,9.3,35:24,0,BOS,3,13,L (-14),4,2009-2010,Regular Season,6,0,GSW
11,+18,2,.667,3,8,,1,6,2009-11-20,3,.333,9,4,.800,5,12,1,1,12.2,45:34,0,POR,6,12,W (+14),1,2009-2010,Regular Season,1,6,GSW
12,+16,2,.500,4,6,@,0,3,2009-11-24,6,.500,12,4,1.000,4,13,1,1,14.8,34:48,1,DAL,5,18,W (+8),3,2009-2010,Regular Season,4,4,GSW
13,-7,1,.250,4,5,@,2,6,2009-11-25,5,.313,16,0,,0,14,1,1,3.0,34:12,1,SAS,3,11,L (-14),1,2009-2010,Regular Season,6,7,GSW
14,-23,1,.200,5,8,,0,3,2009-11-28,5,.333,15,2,1.000,2,15,1,1,10.7,36:01,1,LAL,0,13,L (-33),0,2009-2010,Regular Season,1,4,GSW
15,-7,1,.500,2,4,,0,2,2009-11-30,2,.400,5,2,1.000,2,16,1,1,7.9,19:50,0,IND,2,7,W (+19),3,2009-2010,Regular Season,2,2,GSW
16,-14,2,.333,6,6,@,2,3,2009-12-01,4,.286,14,0,,0,17,1,1,9.2,40:42,1,DEN,2,10,L (-28),2,2009-2010,Regular Season,1,4,GSW
17,-3,1,.333,3,2,,1,4,2009-12-03,4,.500,8,2,1.000,2,18,1,1,7.8,31:51,1,HOU,3,11,L (-2),2,2009-2010,Regular Season,4,5,GSW
18,-8,0,.000,2,3,,0,3,2009-12-05,6,.500,12,1,1.000,1,19,1,1,6.4,46:09,0,ORL,4,13,L (-8),1,2009-2010,Regular Season,3,3,GSW
19,-17,2,.500,4,2,@,0,4,2009-12-07,9,.643,14,2,1.000,2,20,1,1,15.4,36:26,0,OKC,5,22,L (-16),4,2009-2010,Regular Season,5,4,GSW
20,+7,1,.250,4,4,@,0,3,2009-12-09,6,.462,13,1,.500,2,21,1,1,8.7,30:12,1,NJN,4,14,W (+16),3,2009-2010,Regular Season,4,4,GSW
21,-8,0,.000,3,1,@,0,3,2009-12-11,3,.333,9,0,,0,22,1,1,3.5,27:15,0,CHI,0,6,L (-5),1,2009-2010,Regular Season,0,3,GSW
22,-11,3,.750,4,4,@,1,2,2009-12-12,5,.500,10,6,1.000,6,23,1,1,16.5,37:50,0,DET,4,19,L (-9),4,2009-2010,Regular Season,4,2,GSW
23,-14,1,.250,4,4,@,1,4,2009-12-14,5,.385,13,3,.750,4,24,1,1,9.2,36:24,0,PHI,5,14,L (-16),4,2009-2010,Regular Season,4,4,GSW
24,-12,0,.000,2,3,,0,3,2009-12-16,4,.364,11,0,,0,25,1,1,6.6,25:03,1,SAS,5,8,L (-12),4,2009-2010,Regular Season,1,4,GSW
25,-10,5,.556,9,4,,0,7,2009-12-18,9,.529,17,4,1.000,4,26,1,1,23.7,46:15,1,WAS,4,27,L (-9),3,2009-2010,Regular Season,2,8,GSW
26,-3,2,.333,6,8,@,0,6,2009-12-22,6,.400,15,0,,0,27,1,1,9.2,41:17,1,MEM,2,14,L (-13),0,2009-2010,Regular Season,4,7,GSW
27,-1,3,.600,5,7,@,0,10,2009-12-23,6,.462,13,2,1.000,2,28,1,1,16.2,47:01,0,NOH,5,17,L (-6),2,2009-2010,Regular Season,2,10,GSW
28,+6,3,.750,4,4,,0,2,2009-12-26,4,.400,10,2,1.000,2,29,1,1,12.1,26:33,1,PHO,4,13,W (+5),3,2009-2010,Regular Season,1,3,GSW
29,-16,0,.000,1,0,,0,2,2009-12-28,0,.000,4,0,.000,1,30,1,1,-3.8,10:41,0,BOS,3,0,W (+4),1,2009-2010,Regular Season,1,2,GSW
30,-7,0,.000,1,3,@,0,2,2009-12-29,6,.600,10,3,1.000,3,31,1,1,8.6,23:20,1,LAL,3,15,L (-6),0,2009-2010,Regular Season,4,3,GSW
31,-6,1,.500,2,1,@,0,1,2010-01-02,4,.400,10,0,,0,32,1,1,1.0,29:00,0,POR,4,9,L (-16),1,2009-2010,Regular Season,3,1,GSW
32,-1,6,1.000,6,6,@,0,5,2010-01-05,10,.769,13,0,,0,33,1,1,26.4,40:18,0,DEN,3,26,L (-1),3,2009-2010,Regular Season,2,5,GSW
33,+11,0,.000,2,4,@,0,1,2010-01-06,7,.636,11,2,1.000,2,34,1,1,12.8,30:11,0,MIN,6,16,W (+6),2,2009-2010,Regular Season,1,1,GSW
34,+5,1,.500,2,4,,0,3,2010-01-08,5,.500,10,1,.500,2,35,1,1,8.1,34:08,0,SAC,3,12,W (+7),1,2009-2010,Regular Season,2,3,GSW
35,+1,1,.500,2,5,,1,7,2010-01-11,8,.533,15,4,.800,5,36,1,1,17.0,36:07,0,CLE,4,21,L (-3),1,2009-2010,Regular Season,2,7,GSW
36,-12,3,.600,5,4,,0,3,2010-01-13,3,.300,10,0,,0,37,1,1,3.2,32:34,1,MIA,1,9,L (-13),0,2009-2010,Regular Season,4,4,GSW
37,-9,1,.250,4,4,,1,6,2010-01-15,7,.412,17,3,1.000,3,38,1,1,13.8,48:00,0,MIL,6,18,L (-9),6,2009-2010,Regular Season,4,6,GSW
38,+21,5,.625,8,6,,1,8,2010-01-18,9,.500,18,3,1.000,3,39,1,1,20.1,43:28,2,CHI,4,26,W (+17),1,2009-2010,Regular Season,5,10,GSW
39,-2,3,.375,8,6,,0,3,2010-01-20,6,.353,17,0,,0,40,1,1,7.8,48:47,0,DEN,2,15,L (-5),1,2009-2010,Regular Season,3,3,GSW
40,+32,3,.429,7,7,,0,2,2010-01-22,11,.524,21,7,.875,8,41,1,1,27.2,48:00,0,NJN,4,32,W (+32),4,2009-2010,Regular Season,2,2,GSW
41,-10,4,.444,9,2,@,0,5,2010-01-23,10,.400,25,1,1.000,1,42,1,1,11.8,40:26,0,PHO,4,25,L (-9),0,2009-2010,Regular Season,1,5,GSW
42,+9,3,.300,10,6,@,0,8,2010-01-26,10,.455,22,4,.800,5,43,1,1,23.3,44:42,1,SAC,3,27,L (-3),3,2009-2010,Regular Season,1,9,GSW
43,-5,1,.333,3,8,,0,5,2010-01-27,7,.538,13,0,,0,44,1,1,12.2,40:39,0,NOH,4,15,L (-13),3,2009-2010,Regular Season,5,5,GSW
44,0,2,.500,4,9,,0,1,2010-01-29,8,.533,15,4,1.000,4,45,1,1,22.1,41:00,0,CHA,3,22,L (-11),3,2009-2010,Regular Season,1,1,GSW
45,-18,2,1.000,2,5,@,0,2,2010-01-31,4,.400,10,4,1.000,4,46,1,1,9.3,35:52,2,OKC,2,14,L (-8),1,2009-2010,Regular Season,5,4,GSW
46,-22,2,.400,5,4,@,0,1,2010-02-02,6,.333,18,0,,0,47,1,1,8.2,29:52,1,HOU,1,14,L (-22),1,2009-2010,Regular Season,0,2,GSW
47,-8,0,.000,2,3,@,0,0,2010-02-03,1,.167,6,4,1.000,4,48,1,1,0.5,26:54,0,DAL,2,6,L (-9),0,2009-2010,Regular Season,3,0,GSW
48,+2,3,.429,7,4,,0,1,2010-02-06,9,.600,15,2,.667,3,49,1,1,16.6,27:05,0,OKC,3,23,L (-9),2,2009-2010,Regular Season,3,1,GSW
49,-10,1,.200,5,9,,0,2,2010-02-08,9,.450,20,6,1.000,6,50,1,1,18.9,48:00,0,DAL,4,25,L (-10),2,2009-2010,Regular Season,3,2,GSW
50,+35,7,.636,11,13,,0,10,2010-02-10,11,.500,22,7,.875,8,51,1,1,32.1,45:47,0,LAC,4,36,W (+30),3,2009-2010,Regular Season,6,10,GSW
51,-4,1,.100,10,8,@,0,10,2010-02-16,5,.238,21,0,,0,52,1,1,1.9,43:38,0,LAL,5,11,L (-10),1,2009-2010,Regular Season,4,10,GSW
52,+36,1,.250,4,15,,0,5,2010-02-17,10,.667,15,3,1.000,3,53,1,1,29.4,39:37,1,SAC,2,24,W (+32),3,2009-2010,Regular Season,3,6,GSW
53,0,3,.500,6,7,,0,5,2010-02-19,4,.444,9,2,1.000,2,54,1,1,8.0,39:00,1,UTA,1,13,L (-11),3,2009-2010,Regular Season,10,6,GSW
54,+5,1,.333,3,3,,0,7,2010-02-21,13,.722,18,5,1.000,5,55,1,1,25.0,45:25,2,ATL,3,32,W (+4),1,2009-2010,Regular Season,5,9,GSW
55,-17,1,.125,8,5,,0,5,2010-02-23,8,.364,22,0,.000,1,56,1,1,7.3,37:59,1,PHI,2,17,L (-8),0,2009-2010,Regular Season,2,6,GSW
56,-24,2,.400,5,13,,1,6,2010-02-25,11,.579,19,6,1.000,6,57,1,1,33.0,41:39,1,DEN,1,30,L (-15),2,2009-2010,Regular Season,2,7,GSW
57,+7,3,.500,6,4,,0,4,2010-02-27,11,.440,25,2,.667,3,58,1,1,12.6,48:00,1,DET,4,27,W (+7),1,2009-2010,Regular Season,5,5,GSW
58,+1,3,.375,8,8,@,0,2,2010-03-02,7,.412,17,1,1.000,1,59,1,1,12.1,43:27,0,MIA,5,18,L (-4),2,2009-2010,Regular Season,3,2,GSW
59,-25,1,.500,2,7,@,0,3,2010-03-03,3,.250,12,2,1.000,2,60,1,1,3.8,32:11,0,ORL,2,9,L (-27),2,2009-2010,Regular Season,5,3,GSW
60,-5,5,.556,9,11,@,0,4,2010-03-05,11,.579,19,4,1.000,4,61,1,1,26.3,48:00,1,ATL,1,31,L (-5),2,2009-2010,Regular Season,7,5,GSW
61,-11,4,.500,8,4,@,0,3,2010-03-06,8,.348,23,5,.833,6,62,1,1,13.4,48:00,2,CHA,1,25,L (-11),0,2009-2010,Regular Season,3,5,GSW
62,-14,2,.500,4,6,@,0,3,2010-03-08,5,.385,13,0,,0,63,1,1,6.2,33:59,0,NOH,2,12,L (-4),1,2009-2010,Regular Season,4,3,GSW
63,-10,2,.286,7,3,,0,3,2010-03-11,6,.400,15,1,1.000,1,64,1,1,7.3,33:03,2,POR,5,15,L (-5),2,2009-2010,Regular Season,4,5,GSW
64,+6,5,.625,8,10,,1,4,2010-03-13,13,.619,21,4,1.000,4,65,1,1,37.4,42:21,2,TOR,1,35,W (+12),4,2009-2010,Regular Season,2,6,GSW
65,-9,5,.556,9,9,,0,5,2010-03-15,11,.579,19,2,1.000,2,66,1,1,27.3,33:50,0,LAL,4,29,L (-3),1,2009-2010,Regular Season,0,5,GSW
66,-4,1,.333,3,6,@,1,4,2010-03-20,4,.400,10,0,,0,67,1,1,6.9,25:20,0,MEM,2,9,L (-16),0,2009-2010,Regular Season,2,4,GSW
67,-8,2,.400,5,8,,0,3,2010-03-22,6,.400,15,0,,0,68,1,1,14.5,33:55,1,PHO,4,14,L (-2),4,2009-2010,Regular Season,1,4,GSW
68,+27,4,.667,6,11,,0,4,2010-03-24,12,.632,19,2,1.000,2,69,1,1,26.9,40:23,1,MEM,3,30,W (+18),4,2009-2010,Regular Season,7,5,GSW
69,-5,3,.600,5,6,,0,7,2010-03-27,6,.375,16,2,1.000,2,70,1,1,9.1,36:52,0,DAL,1,17,L (-21),2,2009-2010,Regular Season,7,7,GSW
70,+17,2,1.000,2,7,@,0,3,2010-03-28,8,.533,15,0,,0,71,1,1,13.2,39:52,1,LAC,5,18,W (+18),1,2009-2010,Regular Season,3,4,GSW
71,-14,1,.250,4,6,@,0,1,2010-03-31,6,.375,16,2,.667,3,72,1,1,5.0,33:37,1,UTA,5,15,L (-24),0,2009-2010,Regular Season,4,2,GSW
72,-4,1,.200,5,10,,0,3,2010-04-02,7,.333,21,0,,0,73,1,1,10.3,29:23,1,NYK,1,15,W (+11),1,2009-2010,Regular Season,2,4,GSW
73,+5,5,.455,11,12,@,2,7,2010-04-04,10,.435,23,4,.667,6,74,1,1,25.1,44:14,1,TOR,4,29,W (+1),3,2009-2010,Regular Season,5,8,GSW
74,-21,3,.500,6,4,@,0,1,2010-04-06,10,.476,21,4,1.000,4,75,1,1,18.6,33:21,0,WAS,2,27,L (-18),2,2009-2010,Regular Season,2,1,GSW
75,+5,3,.600,5,14,@,0,6,2010-04-07,12,.545,22,0,,0,76,1,1,30.8,44:15,2,MIN,4,27,W (+9),7,2009-2010,Regular Season,4,8,GSW
76,0,5,.500,10,4,@,0,9,2010-04-10,10,.526,19,4,1.000,4,77,1,1,23.2,41:13,0,LAC,5,29,L (-3),3,2009-2010,Regular Season,3,9,GSW
77,+3,3,.500,6,7,,0,6,2010-04-11,9,.563,16,4,.667,6,78,1,1,20.2,34:34,1,OKC,2,25,W (+3),1,2009-2010,Regular Season,4,7,GSW
78,-14,1,.250,4,6,,0,4,2010-04-13,5,.333,15,6,1.000,6,79,1,1,13.0,40:40,1,UTA,4,17,L (-9),2,2009-2010,Regular Season,2,5,GSW
79,+6,4,.667,6,8,@,1,6,2010-04-14,13,.520,25,12,1.000,12,80,1,1,39.9,48:00,3,POR,0,42,W (+6),2,2009-2010,Regular Season,2,9,GSW
0,+4,3,.500,6,11,,1,1,2010-10-27,9,.563,16,4,1.000,4,1,1,1,20.2,39:04,1,HOU,4,25,W (+4),0,2010-2011,Regular Season,5,2,GSW
1,+17,1,.333,3,6,,0,2,2010-10-29,7,.778,9,1,.333,3,2,1,1,15.7,26:53,0,LAC,2,16,W (+18),2,2010-2011,Regular Season,2,2,GSW
2,+8,1,.250,4,6,,0,1,2010-11-05,7,.412,17,5,1.000,5,3,1,1,10.4,32:59,0,UTA,5,20,W (+7),2,2010-2011,Regular Season,5,1,GSW
3,-3,0,.000,3,6,@,0,3,2010-11-07,3,.250,12,4,1.000,4,4,1,1,7.0,28:59,1,DET,4,10,L (-5),2,2010-2011,Regular Season,2,4,GSW
4,+13,2,.500,4,4,@,0,3,2010-11-08,12,.571,21,8,1.000,8,5,1,1,26.4,36:27,2,TOR,2,34,W (+7),3,2010-2011,Regular Season,5,5,GSW
5,+6,1,1.000,1,8,@,1,6,2010-11-10,11,.550,20,2,.667,3,6,1,1,21.5,45:03,0,NYK,4,25,W (+5),2,2010-2011,Regular Season,2,6,GSW
6,-13,2,.400,5,6,@,0,3,2010-11-11,7,.389,18,1,.500,2,7,1,1,11.1,30:58,0,CHI,2,17,L (-30),5,2010-2011,Regular Season,5,3,GSW
7,-12,0,.000,3,4,@,1,1,2010-11-13,3,.214,14,1,.500,2,8,1,1,1.5,30:02,1,MIL,5,7,L (-7),3,2010-2011,Regular Season,2,2,GSW
8,+15,2,.667,3,4,,0,5,2010-11-15,7,.500,14,5,1.000,5,9,1,1,14.9,29:30,0,DET,6,21,W (+4),2,2010-2011,Regular Season,3,5,GSW
9,-3,3,.500,6,8,,0,5,2010-11-19,9,.429,21,8,.889,9,10,1,1,20.0,42:12,0,NYK,4,29,L (-6),1,2010-2011,Regular Season,4,5,GSW
10,-26,1,.333,3,2,@,2,3,2010-11-21,5,.500,10,2,1.000,2,11,1,1,11.5,24:09,0,LAL,3,13,L (-28),1,2010-2011,Regular Season,0,3,GSW
11,-19,1,.167,6,5,,0,6,2010-11-22,8,.381,21,0,,0,12,1,1,11.3,40:36,1,DEN,3,17,L (-17),3,2010-2011,Regular Season,2,7,GSW
12,-11,0,.000,2,6,@,0,4,2010-11-24,8,.421,19,5,1.000,5,13,1,1,16.9,35:33,0,HOU,6,21,L (-10),4,2010-2011,Regular Season,1,4,GSW
13,-1,4,.800,5,4,@,0,2,2010-11-26,8,.615,13,6,1.000,6,14,1,1,19.5,30:18,0,MEM,5,26,L (-5),1,2010-2011,Regular Season,3,2,GSW
14,+16,2,.667,3,7,@,0,3,2010-11-27,6,.600,10,6,.857,7,15,1,1,20.8,27:33,0,MIN,5,20,W (+10),3,2010-2011,Regular Season,1,3,GSW
15,-14,3,.500,6,5,,1,2,2010-11-30,13,.591,22,3,1.000,3,16,1,1,22.5,40:06,1,SAS,2,32,L (-20),1,2010-2011,Regular Season,5,3,GSW
16,-6,1,.333,3,7,,0,0,2010-12-02,4,.400,10,0,,0,17,1,1,7.6,34:09,1,PHO,4,9,L (-6),4,2010-2011,Regular Season,4,1,GSW
17,-9,4,.571,7,6,@,1,1,2010-12-05,14,.700,20,7,1.000,7,18,1,1,30.8,45:51,0,OKC,5,39,L (-5),2,2010-2011,Regular Season,5,1,GSW
18,-2,3,.600,5,4,@,0,5,2010-12-07,8,.500,16,2,1.000,2,19,1,1,13.2,41:33,1,DAL,2,21,L (-5),2,2010-2011,Regular Season,6,6,GSW
19,-15,0,,0,3,@,0,1,2010-12-08,0,.000,2,0,,0,20,1,1,-1.8,10:51,0,SAS,2,0,L (-17),0,2010-2011,Regular Season,2,1,GSW
20,+7,0,.000,5,11,,0,3,2010-12-25,2,.133,15,0,,0,21,1,1,0.8,29:18,1,POR,2,4,W (+7),0,2010-2011,Regular Season,2,4,GSW
21,+18,4,.667,6,8,,0,5,2010-12-27,5,.385,13,3,1.000,3,22,1,1,14.0,28:20,0,PHI,5,17,W (+15),1,2010-2011,Regular Season,2,5,GSW
22,-1,0,.000,3,12,@,0,4,2010-12-29,4,.308,13,1,1.000,1,23,1,1,8.0,28:58,1,ATL,2,9,L (-10),0,2010-2011,Regular Season,3,5,GSW
23,+6,4,.800,5,3,@,0,1,2010-12-31,10,.588,17,0,,0,24,1,1,15.3,36:06,0,CHA,3,24,W (+1),1,2010-2011,Regular Season,3,1,GSW
24,-12,1,.500,2,6,@,0,1,2011-01-01,7,.583,12,0,,0,25,1,1,14.6,35:51,1,MIA,5,15,L (-7),3,2010-2011,Regular Season,1,2,GSW
25,-13,3,.500,6,5,@,0,6,2011-01-03,5,.385,13,2,1.000,2,26,1,1,9.0,35:00,0,ORL,3,15,L (-20),2,2010-2011,Regular Season,5,6,GSW
26,+8,1,.333,3,5,@,0,2,2011-01-05,6,.545,11,8,1.000,8,27,1,1,21.3,39:54,1,NOH,3,21,W (+7),4,2010-2011,Regular Season,2,3,GSW
27,+15,3,.750,4,4,,1,2,2011-01-07,4,.571,7,4,1.000,4,28,1,1,17.0,24:30,0,CLE,2,15,W (+18),2,2010-2011,Regular Season,0,2,GSW
28,-13,0,.000,6,4,@,0,5,2011-01-09,2,.154,13,4,.800,5,29,1,1,1.0,25:58,0,LAC,4,8,L (-14),1,2010-2011,Regular Season,2,5,GSW
29,+2,1,.167,6,10,,0,3,2011-01-12,5,.417,12,4,1.000,4,30,1,1,15.0,37:51,1,LAL,3,15,L (-5),2,2010-2011,Regular Season,3,4,GSW
30,+9,5,.714,7,4,,0,3,2011-01-14,7,.467,15,4,1.000,4,31,1,1,17.9,27:09,1,LAC,2,23,W (+10),1,2010-2011,Regular Season,2,4,GSW
31,+11,2,.400,5,6,,1,2,2011-01-17,4,.400,10,3,.750,4,32,1,1,9.1,23:04,0,NJN,4,13,W (+9),0,2010-2011,Regular Season,2,2,GSW
32,+17,0,.000,3,8,,0,4,2011-01-19,4,.400,10,3,1.000,3,33,1,1,13.0,32:36,0,IND,1,11,W (+2),2,2010-2011,Regular Season,1,4,GSW
33,+7,3,.429,7,3,,0,2,2011-01-21,12,.571,21,7,1.000,7,34,1,1,26.7,44:10,1,SAC,2,34,W (+7),4,2010-2011,Regular Season,4,3,GSW
34,+9,3,.333,9,8,@,1,4,2011-01-22,12,.522,23,5,1.000,5,35,1,1,26.6,40:50,2,LAC,5,32,L (-4),1,2010-2011,Regular Season,2,6,GSW
35,-4,2,.400,5,5,,1,5,2011-01-24,6,.400,15,0,,0,36,1,1,6.7,36:02,1,SAS,4,14,L (-11),0,2010-2011,Regular Season,4,6,GSW
36,-4,1,.333,3,6,,0,3,2011-01-26,8,.615,13,3,1.000,3,37,1,1,15.8,39:15,0,NOH,1,20,L (-9),2,2010-2011,Regular Season,5,3,GSW
37,-3,4,.800,5,5,,0,3,2011-01-28,8,.667,12,7,1.000,7,38,1,1,23.2,43:13,0,CHA,5,27,L (-8),2,2010-2011,Regular Season,3,3,GSW
38,+13,3,.375,8,7,,1,5,2011-01-30,10,.556,18,4,1.000,4,39,1,1,25.4,34:33,1,UTA,2,27,W (+15),2,2010-2011,Regular Season,2,6,GSW
39,+4,2,.500,4,5,,1,4,2011-02-03,6,.545,11,2,1.000,2,40,1,1,10.0,33:30,1,MIL,2,16,W (+6),1,2010-2011,Regular Season,7,5,GSW
40,+14,2,.500,4,8,,0,5,2011-02-05,9,.600,15,3,1.000,3,41,1,1,22.5,44:17,1,CHI,1,23,W (+11),1,2010-2011,Regular Season,2,6,GSW
41,-12,0,.000,6,8,,0,2,2011-02-07,7,.412,17,1,1.000,1,42,1,1,7.7,44:17,0,PHO,1,15,L (-12),1,2010-2011,Regular Season,5,2,GSW
42,-2,1,.333,3,2,,0,1,2011-02-09,5,.556,9,2,1.000,2,43,1,1,5.8,29:19,0,DEN,4,13,W (+2),0,2010-2011,Regular Season,3,1,GSW
43,-26,2,.667,3,2,@,0,2,2011-02-10,5,.556,9,0,,0,44,1,1,6.7,24:49,0,PHO,0,12,L (-24),1,2010-2011,Regular Season,4,2,GSW
44,+17,2,.400,5,13,,0,2,2011-02-13,10,.556,18,1,1.000,1,45,1,1,25.3,37:48,0,OKC,2,23,W (+6),2,2010-2011,Regular Season,0,2,GSW
45,+13,3,1.000,3,8,,0,0,2011-02-15,5,1.000,5,1,1.000,1,46,1,1,14.9,24:21,0,NOH,3,14,W (+13),1,2010-2011,Regular Season,3,0,GSW
46,-6,0,.000,3,4,@,0,0,2011-02-16,1,.143,7,2,1.000,2,47,1,1,1.3,21:30,0,UTA,5,4,W (+7),2,2010-2011,Regular Season,1,0,GSW
47,-15,1,.500,2,2,,0,4,2011-02-22,7,.700,10,3,.600,5,48,1,1,10.0,30:03,0,BOS,4,18,L (-22),1,2010-2011,Regular Season,5,4,GSW
48,-27,0,.000,2,5,,0,1,2011-02-25,2,.286,7,3,1.000,3,49,1,1,4.0,30:00,1,ATL,1,7,L (-16),0,2010-2011,Regular Season,3,2,GSW
49,+4,5,.714,7,2,@,0,10,2011-02-27,13,.619,21,2,1.000,2,50,1,1,28.2,44:30,1,MIN,1,33,L (-3),2,2010-2011,Regular Season,2,11,GSW
50,-19,4,.500,8,7,@,1,5,2011-03-01,7,.412,17,2,1.000,2,51,1,1,11.7,34:53,1,IND,5,20,L (-9),0,2010-2011,Regular Season,5,6,GSW
51,-8,3,.429,7,5,@,0,7,2011-03-02,9,.500,18,8,.889,9,52,1,1,23.8,36:47,2,WAS,2,29,W (+4),1,2010-2011,Regular Season,3,9,GSW
52,-8,1,.250,4,5,@,0,1,2011-03-04,4,.364,11,0,,0,53,1,1,2.9,31:30,2,BOS,3,9,L (-4),0,2010-2011,Regular Season,4,3,GSW
53,+6,1,.333,3,7,@,2,1,2011-03-06,8,.500,16,5,1.000,5,54,1,1,15.4,35:12,0,PHI,3,22,L (-8),0,2010-2011,Regular Season,4,1,GSW
54,+20,2,.400,5,6,@,1,3,2011-03-08,10,.556,18,1,1.000,1,55,1,1,20.8,39:12,4,CLE,3,23,W (+10),2,2010-2011,Regular Season,3,7,GSW
55,-13,2,.500,4,3,@,0,3,2011-03-09,6,.400,15,1,1.000,1,56,1,1,7.7,30:17,0,NJN,3,15,L (-4),2,2010-2011,Regular Season,3,3,GSW
56,+1,4,.400,10,12,,0,4,2011-03-11,8,.421,19,2,1.000,2,57,1,1,17.9,39:49,0,ORL,4,22,W (+3),3,2010-2011,Regular Season,5,4,GSW
57,+18,4,.667,6,6,,0,8,2011-03-13,8,.533,15,4,1.000,4,58,1,1,24.2,37:55,1,MIN,2,24,W (+23),2,2010-2011,Regular Season,1,9,GSW
58,-12,5,.625,8,1,@,1,3,2011-03-14,7,.500,14,0,,0,59,1,1,11.9,23:56,0,SAC,1,19,L (-10),1,2010-2011,Regular Season,3,3,GSW
59,-10,2,.500,4,5,,0,0,2011-03-16,4,.400,10,0,.000,1,60,1,1,4.9,32:14,0,DAL,2,10,L (-6),1,2010-2011,Regular Season,3,0,GSW
60,-18,2,.400,5,5,@,0,1,2011-03-18,6,.462,13,1,1.000,1,61,1,1,9.6,34:40,1,PHO,3,15,L (-11),0,2010-2011,Regular Season,2,2,GSW
61,-8,1,.333,3,6,@,0,5,2011-03-20,4,.333,12,2,.667,3,62,1,1,6.6,31:02,1,DAL,4,11,L (-28),0,2010-2011,Regular Season,2,6,GSW
62,-12,1,.500,2,2,@,0,0,2011-03-21,3,.375,8,1,1.000,1,63,1,1,2.4,19:57,0,SAS,4,8,L (-15),0,2010-2011,Regular Season,1,0,GSW
63,-14,2,.667,3,6,@,0,3,2011-03-23,7,.438,16,0,,0,64,1,1,10.2,29:58,3,HOU,4,16,L (-19),1,2010-2011,Regular Season,4,6,GSW
64,+43,4,.667,6,8,,0,3,2011-03-25,7,.538,13,5,1.000,5,65,1,1,19.4,36:19,0,TOR,2,23,W (+38),0,2010-2011,Regular Season,3,3,GSW
65,+11,1,.250,4,4,,1,4,2011-03-27,3,.273,11,3,1.000,3,66,1,1,2.9,28:17,1,WAS,5,10,W (+10),1,2010-2011,Regular Season,5,5,GSW
66,+6,5,.625,8,5,@,0,5,2011-03-29,13,.565,23,4,1.000,4,67,1,1,24.6,48:31,1,OKC,3,35,L (-1),2,2010-2011,Regular Season,6,6,GSW
67,-21,1,.167,6,9,@,0,2,2011-03-30,2,.143,14,1,1.000,1,68,1,1,0.1,31:05,4,MEM,4,6,L (-19),1,2010-2011,Regular Season,6,6,GSW
68,+9,1,.333,3,8,,0,4,2011-04-02,3,.375,8,5,1.000,5,69,1,1,11.4,31:31,0,DAL,5,12,W (+7),2,2010-2011,Regular Season,3,4,GSW
69,+20,3,.600,5,4,@,1,7,2011-04-05,10,.476,21,5,.833,6,70,1,1,22.4,42:06,1,POR,2,28,W (+21),2,2010-2011,Regular Season,2,8,GSW
70,+2,2,.333,6,5,,0,4,2011-04-06,8,.348,23,2,1.000,2,71,1,1,12.0,42:05,2,LAL,3,20,W (+8),2,2010-2011,Regular Season,2,6,GSW
71,+1,3,.500,6,8,,0,3,2011-04-10,11,.647,17,2,1.000,2,72,1,1,24.5,32:18,3,SAC,4,27,L (-1),1,2010-2011,Regular Season,3,6,GSW
72,-8,3,.750,4,5,@,0,4,2011-04-11,10,.769,13,4,1.000,4,73,1,1,21.9,35:32,1,DEN,1,27,L (-23),0,2010-2011,Regular Season,5,5,GSW
73,+16,2,.500,4,9,,0,3,2011-04-13,7,.636,11,2,1.000,2,74,1,1,17.7,24:09,0,POR,4,18,W (+24),0,2010-2011,Regular Season,1,3,GSW
0,-5,0,.000,4,4,,2,3,2011-12-25,2,.167,12,0,.000,1,1,1,1,-2.1,33:28,2,LAC,4,4,L (-19),2,2011-2012,Regular Season,5,5,GSW
1,+11,1,.333,3,10,,0,6,2011-12-26,7,.583,12,6,.857,7,2,1,1,24.9,37:29,1,CHI,4,21,W (+8),6,2011-2012,Regular Season,4,7,GSW
2,-22,3,.375,8,4,,0,4,2011-12-31,9,.600,15,0,,0,3,1,1,11.9,30:17,0,PHI,3,21,L (-28),0,2011-2012,Regular Season,5,4,GSW
3,-3,2,.667,3,2,@,0,2,2012-01-02,4,.500,8,0,,0,4,1,1,5.0,23:22,0,PHO,5,10,L (-11),1,2011-2012,Regular Season,2,2,GSW
4,+2,3,.750,4,8,@,0,3,2012-01-04,7,.636,11,3,1.000,3,5,1,1,18.8,30:21,0,SAS,2,20,L (-6),0,2011-2012,Regular Season,2,3,GSW
5,-4,2,.333,6,3,,0,1,2012-01-20,5,.333,15,0,,0,6,1,1,2.8,29:04,1,IND,2,12,L (-3),0,2011-2012,Regular Season,3,2,GSW
6,-7,2,.286,7,5,,0,3,2012-01-23,8,.444,18,0,,0,7,1,1,11.9,36:05,3,MEM,3,18,L (-1),3,2011-2012,Regular Season,5,6,GSW
7,+7,6,.750,8,7,,0,6,2012-01-25,12,.632,19,2,.667,3,8,1,1,32.8,37:54,0,POR,0,32,W (+8),4,2011-2012,Regular Season,1,6,GSW
8,-9,2,.286,7,6,,0,2,2012-01-27,6,.375,16,1,1.000,1,9,1,1,7.4,27:22,0,OKC,4,15,L (-11),2,2011-2012,Regular Season,4,2,GSW
9,+3,0,.000,3,8,,1,3,2012-01-31,1,.143,7,1,.500,2,10,1,1,5.9,26:00,0,SAC,1,3,W (+3),1,2011-2012,Regular Season,0,3,GSW
10,+18,2,.400,5,12,,0,5,2012-02-02,10,.714,14,7,.875,8,11,1,1,31.1,38:15,0,UTA,4,29,W (+18),3,2011-2012,Regular Season,3,5,GSW
11,-11,3,.375,8,9,@,0,0,2012-02-04,4,.286,14,0,,0,12,1,1,9.1,29:02,2,SAC,1,11,L (-8),4,2011-2012,Regular Season,5,2,GSW
12,+13,1,.500,2,10,,0,6,2012-02-07,7,.778,9,1,.500,2,13,1,1,19.4,42:56,1,OKC,3,16,L (-3),2,2011-2012,Regular Season,3,7,GSW
13,+15,6,.667,9,7,@,2,7,2012-02-09,13,.765,17,4,.571,7,14,1,1,34.3,35:55,0,DEN,3,36,W (+8),0,2011-2012,Regular Season,1,7,GSW
14,+4,3,.500,6,5,,0,0,2012-02-12,5,.357,14,1,1.000,1,15,1,1,8.1,34:09,0,HOU,4,14,W (+9),2,2011-2012,Regular Season,2,0,GSW
15,+2,1,.250,4,5,,0,5,2012-02-13,3,.300,10,2,1.000,2,16,1,1,7.8,31:53,2,PHO,2,9,W (+6),1,2011-2012,Regular Season,2,7,GSW
16,+7,0,.000,2,8,,2,2,2012-02-15,3,.300,10,2,1.000,2,17,1,1,9.7,37:44,1,POR,2,8,L (-2),2,2011-2012,Regular Season,2,3,GSW
17,-12,3,.600,5,4,@,0,1,2012-02-17,4,.308,13,0,,0,18,1,1,2.5,27:56,1,OKC,2,11,L (-23),0,2011-2012,Regular Season,4,2,GSW
18,+9,6,.667,9,6,@,0,1,2012-02-18,13,.619,21,4,1.000,4,19,1,1,29.7,40:14,1,MEM,5,36,L (-1),2,2011-2012,Regular Season,2,2,GSW
19,+16,3,.600,5,6,,1,3,2012-02-20,3,.500,6,2,1.000,2,20,1,1,9.6,33:16,0,LAC,3,11,W (+7),0,2011-2012,Regular Season,3,3,GSW
20,+13,1,.333,3,2,@,0,0,2012-02-22,3,.429,7,2,1.000,2,21,1,1,7.3,10:00,0,PHO,1,9,W (+2),2,2011-2012,Regular Season,1,0,GSW
21,+2,0,,0,0,@,0,0,2012-02-29,0,,0,0,,0,22,1,0,0.0,0:03,0,ATL,0,0,W (+3),0,2011-2012,Regular Season,0,0,GSW
22,+10,2,.667,3,1,@,0,1,2012-03-05,5,.714,7,0,,0,23,1,0,10.7,9:18,0,WAS,1,12,W (+20),1,2011-2012,Regular Season,0,1,GSW
23,+4,1,.500,2,3,,0,4,2012-03-07,7,.636,11,0,,0,24,1,0,10.2,24:16,0,MEM,3,15,L (-18),0,2011-2012,Regular Season,2,4,GSW
24,+10,2,.500,4,2,,0,2,2012-03-10,4,.571,7,0,,0,25,1,1,6.7,16:19,0,DAL,0,10,W (+24),1,2011-2012,Regular Season,3,2,GSW
25,+6,0,.000,1,1,@,0,3,2012-03-11,0,.000,3,0,,0,26,1,1,-1.5,9:13,0,LAC,0,0,W (+4),0,2011-2012,Regular Season,1,3,GSW
0,-7,6,.600,10,7,,0,4,2012-11-02,10,.500,20,0,.000,1,2,1,1,18.2,42:30,1,MEM,3,26,L (-10),1,2012-2013,Regular Season,4,5,GSW
1,+6,2,.286,7,4,@,0,4,2012-11-03,6,.375,16,9,.900,10,3,1,1,14.2,43:02,0,LAC,4,23,W (+4),3,2012-2013,Regular Season,5,4,GSW
2,0,2,.333,6,8,@,0,5,2012-11-05,3,.200,15,4,.800,5,4,1,1,7.3,39:02,1,SAC,2,12,L (-2),1,2012-2013,Regular Season,3,6,GSW
3,+7,2,.333,6,6,,0,5,2012-11-07,8,.571,14,3,1.000,3,5,1,1,17.9,36:28,0,CLE,3,21,W (+10),2,2012-2013,Regular Season,3,5,GSW
4,-19,2,.333,6,5,@,0,3,2012-11-09,6,.375,16,4,1.000,4,6,1,1,14.6,30:16,0,LAL,0,18,L (-24),1,2012-2013,Regular Season,0,3,GSW
5,-5,3,.500,6,3,,0,5,2012-11-10,7,.412,17,2,1.000,2,7,1,1,10.5,37:12,0,DEN,5,19,L (-6),3,2012-2013,Regular Season,4,5,GSW
6,+1,0,.000,5,7,,0,1,2012-11-14,4,.333,12,4,1.000,4,8,1,1,8.2,32:31,0,ATL,3,12,W (+4),3,2012-2013,Regular Season,4,1,GSW
7,+19,0,.000,3,6,@,1,2,2012-11-16,7,.583,12,3,1.000,3,9,1,1,13.9,29:09,2,MIN,6,17,W (+8),1,2012-2013,Regular Season,3,4,GSW
8,-11,4,.500,8,6,@,0,1,2012-11-18,9,.529,17,0,,0,10,1,1,15.1,33:21,1,OKC,2,22,L (-10),0,2012-2013,Regular Season,3,2,GSW
9,+3,3,.429,7,9,@,0,6,2012-11-19,9,.429,21,10,1.000,10,11,1,1,25.2,43:16,0,DAL,2,31,W (+4),2,2012-2013,Regular Season,4,6,GSW
10,+9,2,.500,4,4,,0,6,2012-11-21,7,.538,13,9,.900,10,12,1,1,20.1,41:35,0,BRK,2,25,W (+9),0,2012-2013,Regular Season,2,6,GSW
11,-18,2,1.000,2,3,@,0,1,2012-11-23,2,.400,5,0,,0,13,1,1,0.1,25:46,0,DEN,4,6,L (-11),0,2012-2013,Regular Season,4,1,GSW
12,+22,5,.500,10,6,,0,2,2012-11-24,7,.368,19,1,1.000,1,14,1,1,11.1,38:53,0,MIN,3,20,W (+11),1,2012-2013,Regular Season,3,2,GSW
13,+2,4,.571,7,10,,0,3,2012-11-29,7,.412,17,2,1.000,2,15,1,1,18.9,45:07,1,DEN,4,20,W (+1),4,2012-2013,Regular Season,3,4,GSW
14,+6,3,.600,5,11,,0,1,2012-12-01,7,.500,14,3,1.000,3,16,1,1,17.4,37:07,0,IND,4,20,W (+11),2,2012-2013,Regular Season,4,1,GSW
15,-3,3,.500,6,11,,0,4,2012-12-03,9,.429,21,4,.800,5,17,1,1,24.1,44:12,1,ORL,0,25,L (-8),2,2012-2013,Regular Season,1,5,GSW
16,+10,4,.667,6,10,@,0,3,2012-12-05,7,.467,15,4,1.000,4,18,1,1,24.4,37:16,0,DET,2,22,W (+7),4,2012-2013,Regular Season,1,3,GSW
17,+8,5,.556,9,5,@,0,3,2012-12-07,10,.526,19,3,1.000,3,19,1,1,25.4,42:59,1,BRK,1,28,W (+7),2,2012-2013,Regular Season,0,4,GSW
18,-5,2,.250,8,5,@,0,2,2012-12-08,7,.467,15,6,.857,7,20,1,1,14.3,35:28,1,WAS,1,22,W (+4),0,2012-2013,Regular Season,4,3,GSW
19,+3,4,.571,7,7,@,0,6,2012-12-10,10,.455,22,3,.750,4,21,1,1,18.6,36:33,1,CHA,5,27,W (+8),1,2012-2013,Regular Season,3,7,GSW
20,+9,1,.333,3,7,@,0,3,2012-12-12,4,.400,10,0,,0,22,1,1,5.4,41:45,0,MIA,0,9,W (+2),2,2012-2013,Regular Season,6,3,GSW
21,-6,2,.400,5,3,@,0,2,2012-12-14,8,.421,19,7,.875,8,23,1,1,16.9,42:54,1,ORL,0,25,L (-14),0,2012-2013,Regular Season,1,3,GSW
22,+20,3,.273,11,11,@,0,8,2012-12-15,6,.300,20,3,1.000,3,24,1,1,15.1,36:12,0,ATL,1,18,W (+22),3,2012-2013,Regular Season,4,8,GSW
23,+3,1,.333,3,3,,0,3,2012-12-18,5,.385,13,2,1.000,2,25,1,1,7.5,39:17,2,NOH,2,13,W (+7),0,2012-2013,Regular Season,2,5,GSW
24,0,7,.583,12,4,@,1,6,2012-12-19,11,.458,24,3,1.000,3,26,1,1,19.5,41:46,0,SAC,6,32,L (-4),1,2012-2013,Regular Season,4,6,GSW
25,+7,8,.615,13,8,,2,3,2012-12-21,9,.529,17,1,1.000,1,27,1,1,23.8,35:41,0,CHA,2,27,W (+15),0,2012-2013,Regular Season,2,3,GSW
26,+6,3,.300,10,7,,0,7,2012-12-22,8,.348,23,1,1.000,1,28,1,1,13.2,44:31,1,LAL,4,20,L (-3),4,2012-2013,Regular Season,4,8,GSW
27,+12,4,.571,7,7,@,1,6,2012-12-26,7,.389,18,5,.833,6,29,1,1,20.6,37:51,2,UTA,0,23,W (+11),1,2012-2013,Regular Season,2,8,GSW
28,+7,1,.250,4,6,,0,5,2012-12-28,5,.455,11,0,,0,30,1,1,6.8,39:23,0,PHI,3,11,W (+7),1,2012-2013,Regular Season,4,5,GSW
29,+19,4,.800,5,9,,2,3,2012-12-29,8,.615,13,2,1.000,2,31,1,1,22.2,34:43,1,BOS,3,22,W (+18),3,2012-2013,Regular Season,5,4,GSW
30,+27,6,.750,8,8,,0,5,2013-01-02,11,.688,16,3,.750,4,32,1,1,28.4,43:09,1,LAC,3,31,W (+21),2,2012-2013,Regular Season,4,6,GSW
31,-31,1,.200,5,5,@,0,0,2013-01-05,4,.364,11,1,1.000,1,33,1,1,5.4,29:00,0,LAC,0,10,L (-26),0,2012-2013,Regular Season,2,0,GSW
32,-12,4,.500,8,4,,0,3,2013-01-09,10,.455,22,0,.000,1,34,1,1,13.8,40:31,1,MEM,2,24,L (-7),2,2012-2013,Regular Season,4,4,GSW
33,-1,3,.375,8,12,,1,3,2013-01-11,7,.318,22,5,1.000,5,35,1,1,21.0,43:36,0,POR,1,22,W (+6),3,2012-2013,Regular Season,1,3,GSW
34,-13,7,.778,9,7,@,0,0,2013-01-13,11,.611,18,0,,0,36,1,1,24.1,41:01,0,DEN,4,29,L (-11),1,2012-2013,Regular Season,1,0,GSW
35,+11,2,.250,8,7,@,0,2,2013-01-19,5,.294,17,8,.800,10,37,1,1,17.7,38:29,1,NOH,2,20,W (+4),4,2012-2013,Regular Season,1,3,GSW
36,+7,6,.750,8,6,,0,3,2013-01-21,9,.643,14,4,1.000,4,38,1,1,23.3,36:38,0,LAC,4,28,W (+7),0,2012-2013,Regular Season,2,3,GSW
37,+8,3,.214,14,7,,0,2,2013-01-23,11,.407,27,6,1.000,6,39,1,1,24.3,41:36,1,OKC,1,31,W (+5),4,2012-2013,Regular Season,2,3,GSW
38,-15,3,.429,7,1,@,0,1,2013-01-25,7,.389,18,4,1.000,4,40,1,1,9.8,36:39,0,CHI,1,21,L (-16),0,2012-2013,Regular Season,2,1,GSW
39,-8,5,.556,9,7,@,0,0,2013-01-26,8,.421,19,5,1.000,5,41,1,1,20.4,36:50,2,MIL,2,26,L (-7),1,2012-2013,Regular Season,2,2,GSW
40,0,1,.333,3,5,@,0,0,2013-01-28,7,.583,12,2,1.000,2,42,1,1,14.2,26:16,1,TOR,1,17,W (+12),1,2012-2013,Regular Season,2,1,GSW
41,+28,6,.600,10,8,,0,2,2013-02-02,11,.550,20,1,1.000,1,43,1,1,24.4,42:25,0,PHO,3,29,W (+20),2,2012-2013,Regular Season,2,2,GSW
42,-27,1,.200,5,9,@,1,4,2013-02-05,3,.250,12,0,,0,44,1,1,5.2,28:10,0,HOU,2,7,L (-31),0,2012-2013,Regular Season,2,4,GSW
43,-8,2,.286,7,11,@,0,5,2013-02-06,5,.250,20,2,1.000,2,45,1,1,7.1,36:08,3,OKC,3,14,L (-21),1,2012-2013,Regular Season,6,8,GSW
44,+2,4,.444,9,8,@,0,2,2013-02-08,11,.500,22,6,1.000,6,46,1,1,27.7,39:54,3,MEM,4,32,L (-6),2,2012-2013,Regular Season,2,5,GSW
45,-22,1,.333,3,4,@,0,4,2013-02-09,8,.348,23,1,1.000,1,47,1,1,6.4,30:45,3,DAL,2,18,L (-25),1,2012-2013,Regular Season,5,7,GSW
46,-3,2,.400,5,6,,0,5,2013-02-12,10,.526,19,5,.833,6,48,1,1,21.4,34:37,0,HOU,4,27,L (-9),1,2012-2013,Regular Season,1,5,GSW
47,-18,4,.444,9,4,@,0,3,2013-02-19,12,.545,22,1,1.000,1,49,1,1,19.3,37:32,2,UTA,3,29,L (-14),1,2012-2013,Regular Season,4,5,GSW
48,+16,2,.333,6,11,,0,3,2013-02-20,8,.500,16,2,1.000,2,50,1,1,19.2,40:44,0,PHO,1,20,W (+10),1,2012-2013,Regular Season,2,3,GSW
49,0,3,.333,9,6,,0,4,2013-02-22,6,.353,17,4,.800,5,51,1,1,12.7,44:55,0,SAS,2,19,W (+6),1,2012-2013,Regular Season,2,4,GSW
50,+1,1,.200,5,5,@,0,4,2013-02-24,6,.400,15,5,1.000,5,52,1,1,12.3,33:34,1,MIN,5,18,W (+1),5,2012-2013,Regular Season,6,5,GSW
51,-12,7,.700,10,4,@,1,2,2013-02-26,14,.700,20,3,.750,4,53,1,1,29.1,36:43,0,IND,3,38,L (-11),3,2012-2013,Regular Season,6,2,GSW
52,-4,11,.846,13,7,@,0,6,2013-02-27,18,.643,28,7,1.000,7,54,1,1,46.1,48:00,0,NYK,3,54,L (-4),3,2012-2013,Regular Season,4,6,GSW
53,+7,3,.273,11,6,@,0,1,2013-03-01,6,.273,22,10,1.000,10,55,1,1,12.7,42:03,0,BOS,2,25,L (-8),1,2012-2013,Regular Season,4,1,GSW
54,+2,3,.333,9,9,@,0,3,2013-03-02,11,.550,20,5,.714,7,56,1,1,25.0,41:55,0,PHI,2,30,L (-7),3,2012-2013,Regular Season,4,3,GSW
55,+1,2,.400,5,12,,0,3,2013-03-04,8,.500,16,8,1.000,8,57,1,1,20.7,41:56,2,TOR,5,26,W (+7),0,2012-2013,Regular Season,6,5,GSW
56,-2,2,.400,5,8,,0,4,2013-03-06,3,.273,11,5,1.000,5,58,1,1,8.4,34:15,1,SAC,4,13,W (+4),2,2012-2013,Regular Season,6,5,GSW
57,-9,3,.375,8,8,,0,4,2013-03-08,8,.381,21,5,.714,7,59,1,1,17.2,42:55,1,HOU,5,24,L (-6),1,2012-2013,Regular Season,1,5,GSW
58,-12,2,.333,6,10,,0,1,2013-03-09,7,.389,18,0,,0,60,1,1,8.6,39:14,1,MIL,4,16,L (-10),0,2012-2013,Regular Season,4,2,GSW
59,+26,6,.600,10,3,,0,5,2013-03-11,9,.500,18,2,1.000,2,61,1,1,19.9,36:56,1,NYK,1,26,W (+29),1,2012-2013,Regular Season,2,6,GSW
60,+15,5,.714,7,8,,0,1,2013-03-13,11,.647,17,4,1.000,4,62,1,1,27.1,42:54,1,DET,0,31,W (+8),1,2012-2013,Regular Season,4,2,GSW
61,-32,0,.000,5,4,,0,0,2013-03-15,2,.154,13,4,1.000,4,63,1,1,0.7,29:48,0,CHI,2,8,L (-18),0,2012-2013,Regular Season,1,0,GSW
62,+22,5,.455,11,11,@,1,5,2013-03-17,12,.545,22,0,,0,64,1,1,26.9,44:32,0,HOU,1,29,W (+30),2,2012-2013,Regular Season,3,5,GSW
63,+19,6,.667,9,3,@,0,6,2013-03-18,10,.526,19,4,1.000,4,65,1,1,17.1,38:40,1,NOH,3,30,W (+21),0,2012-2013,Regular Season,7,7,GSW
64,-12,4,.500,8,3,@,0,3,2013-03-20,8,.400,20,4,.800,5,66,1,1,15.5,35:37,1,SAS,0,24,L (-11),2,2012-2013,Regular Season,3,4,GSW
65,+9,6,.600,10,8,,0,2,2013-03-23,13,.722,18,3,.750,4,67,1,1,31.6,31:39,0,WAS,2,35,W (+9),2,2012-2013,Regular Season,3,2,GSW
66,+3,3,.333,9,10,,0,7,2013-03-25,9,.375,24,4,.571,7,68,1,1,16.1,43:00,0,LAL,4,25,W (+6),0,2012-2013,Regular Season,2,7,GSW
67,+1,2,.222,9,12,,0,3,2013-03-27,5,.278,18,5,.833,6,69,1,1,16.5,45:35,2,SAC,3,17,L (-7),4,2012-2013,Regular Season,3,5,GSW
68,+15,7,.583,12,6,,0,3,2013-03-30,14,.636,22,4,1.000,4,70,1,1,32.9,37:28,2,POR,2,39,W (+27),1,2012-2013,Regular Season,3,5,GSW
69,+14,4,.400,10,9,,0,3,2013-04-03,6,.429,14,4,1.000,4,71,1,1,16.8,35:57,0,NOH,5,20,W (+10),1,2012-2013,Regular Season,2,3,GSW
70,+14,3,.375,8,15,@,0,1,2013-04-05,6,.400,15,3,1.000,3,72,1,1,18.7,40:58,0,PHO,5,18,W (+4),4,2012-2013,Regular Season,4,1,GSW
71,-5,4,.444,9,5,,0,3,2013-04-07,8,.421,19,2,1.000,2,73,1,1,11.8,45:09,1,UTA,3,22,L (-7),1,2012-2013,Regular Season,5,4,GSW
72,+12,2,.222,9,10,,1,3,2013-04-09,9,.429,21,4,.800,5,74,1,1,18.2,39:10,1,MIN,4,24,W (+16),1,2012-2013,Regular Season,3,4,GSW
73,-9,3,.500,6,7,,0,3,2013-04-11,9,.500,18,1,1.000,1,75,1,1,16.8,34:55,0,OKC,0,22,L (-19),2,2012-2013,Regular Season,4,3,GSW
74,+3,9,.600,15,9,@,0,3,2013-04-12,17,.548,31,4,1.000,4,76,1,1,42.2,44:17,3,LAL,3,47,L (-2),3,2012-2013,Regular Season,1,6,GSW
75,+13,7,.538,13,5,,0,7,2013-04-15,13,.565,23,2,1.000,2,77,1,1,29.4,38:42,1,SAS,0,35,W (+10),2,2012-2013,Regular Season,3,8,GSW
76,+9,4,.364,11,5,@,0,1,2013-04-17,5,.313,16,1,1.000,1,78,1,1,11.5,31:41,1,POR,2,15,W (+11),3,2012-2013,Regular Season,1,2,GSW
0,-8,9,.643,14,9,@,0,3,2013-10-31,14,.609,23,1,1.000,1,2,1,1,22.5,38:29,0,LAC,3,38,L (-11),0,2013-2014,Regular Season,11,3,GSW
1,+18,5,.625,8,12,,0,1,2013-11-02,8,.615,13,1,1.000,1,3,1,1,17.2,32:30,0,SAC,4,22,W (+11),1,2013-2014,Regular Season,7,1,GSW
2,+34,2,.222,9,12,@,1,7,2013-11-04,7,.438,16,2,1.000,2,4,1,1,25.9,29:13,3,PHI,0,18,W (+20),5,2013-2014,Regular Season,2,10,GSW
3,+3,0,.000,3,7,@,0,1,2013-11-06,2,.250,8,1,.500,2,5,1,1,4.6,24:11,0,MIN,1,5,W (+13),1,2013-2014,Regular Season,1,1,GSW
4,-9,4,.400,10,5,@,0,1,2013-11-09,7,.389,18,4,1.000,4,6,1,1,16.3,34:22,1,MEM,1,22,L (-18),3,2013-2014,Regular Season,3,2,GSW
5,+20,2,.500,4,8,,0,1,2013-11-12,7,.700,10,9,1.000,9,7,1,1,24.8,29:00,1,DET,4,25,W (+18),1,2013-2014,Regular Season,2,2,GSW
6,-4,4,.500,8,9,,0,5,2013-11-14,8,.364,22,2,.667,3,8,1,1,14.6,43:07,0,OKC,4,22,W (+1),1,2013-2014,Regular Season,2,5,GSW
7,+18,0,.000,5,11,,0,3,2013-11-16,7,.350,20,1,.500,2,9,1,1,12.6,38:31,0,UTA,1,15,W (+14),1,2013-2014,Regular Season,0,3,GSW
8,+22,4,.571,7,8,@,0,4,2013-11-18,7,.467,15,4,1.000,4,10,1,1,18.9,33:15,2,UTA,4,22,W (+11),3,2013-2014,Regular Season,5,6,GSW
9,-6,2,.222,9,11,,0,3,2013-11-23,8,.381,21,4,.800,5,11,1,1,14.3,37:10,0,POR,1,22,L (-12),1,2013-2014,Regular Season,5,3,GSW
10,-2,2,.400,5,9,@,1,7,2013-11-26,7,.350,20,0,,0,12,1,1,14.8,42:05,1,NOP,2,16,W (+1),3,2013-2014,Regular Season,2,8,GSW
11,-3,6,.600,10,8,@,0,4,2013-11-27,9,.474,19,5,1.000,5,13,1,1,19.9,42:24,0,DAL,3,29,L (-4),1,2013-2014,Regular Season,6,4,GSW
12,+4,4,.400,10,5,@,0,9,2013-11-29,13,.500,26,2,.667,3,14,1,1,21.6,44:42,2,OKC,4,32,L (-1),0,2013-2014,Regular Season,3,11,GSW
13,+1,5,.625,8,10,@,1,2,2013-12-01,14,.583,24,3,1.000,3,15,1,1,28.7,40:10,0,SAC,1,36,W (+2),3,2013-2014,Regular Season,7,2,GSW
14,+16,3,.429,7,10,,1,3,2013-12-03,8,.533,15,8,.800,10,16,1,1,29.1,43:25,0,TOR,1,27,W (+9),5,2013-2014,Regular Season,3,3,GSW
15,-12,1,.200,5,5,@,0,1,2013-12-06,5,.357,14,11,1.000,11,17,1,1,11.4,32:28,0,HOU,4,22,L (-22),3,2013-2014,Regular Season,8,1,GSW
16,+21,2,.286,7,15,@,1,5,2013-12-07,7,.438,16,6,.857,7,18,1,1,24.0,45:21,1,MEM,4,22,W (+26),0,2013-2014,Regular Season,1,6,GSW
17,+3,5,.313,16,9,@,2,5,2013-12-09,14,.438,32,10,.833,12,19,1,1,29.7,45:40,1,CHA,4,43,L (-4),0,2013-2014,Regular Season,4,6,GSW
18,+5,6,.545,11,10,,0,4,2013-12-11,13,.520,25,1,1.000,1,20,1,1,22.7,43:56,0,DAL,3,33,W (+2),3,2013-2014,Regular Season,8,4,GSW
19,-18,1,.200,5,9,,0,2,2013-12-13,5,.417,12,9,.818,11,21,1,1,11.3,39:07,0,HOU,6,20,L (-4),0,2013-2014,Regular Season,6,2,GSW
20,-4,4,.571,7,7,@,0,6,2013-12-15,8,.471,17,10,.909,11,22,1,1,23.8,42:22,0,PHO,2,30,L (-4),3,2013-2014,Regular Season,6,6,GSW
21,+22,2,.286,7,11,,0,3,2013-12-17,11,.579,19,4,1.000,4,23,1,1,27.2,32:40,1,NOP,3,28,W (+11),3,2013-2014,Regular Season,3,4,GSW
22,-5,6,.375,16,15,,0,2,2013-12-19,12,.429,28,0,,0,24,1,1,24.9,40:22,0,SAS,1,30,L (-2),4,2013-2014,Regular Season,5,2,GSW
23,+26,4,.444,9,10,,0,5,2013-12-21,5,.333,15,4,1.000,4,25,1,1,19.9,32:46,1,LAL,2,18,W (+19),3,2013-2014,Regular Season,1,6,GSW
24,+8,2,.667,3,7,@,1,3,2013-12-23,5,.357,14,2,.500,4,26,1,1,10.3,35:14,0,DEN,4,14,W (+8),2,2013-2014,Regular Season,2,3,GSW
25,+8,2,.333,6,11,,0,5,2013-12-25,5,.294,17,3,1.000,3,27,1,1,13.6,42:29,1,LAC,1,15,W (+2),1,2013-2014,Regular Season,2,6,GSW
26,+27,1,.167,6,16,,0,10,2013-12-27,5,.294,17,3,.600,5,28,1,1,12.4,33:33,3,PHO,3,14,W (+29),1,2013-2014,Regular Season,7,13,GSW
27,+2,5,.500,10,11,@,1,9,2013-12-29,10,.435,23,4,.800,5,29,1,1,23.4,48:12,0,CLE,3,29,W (+4),2,2013-2014,Regular Season,5,9,GSW
28,+21,1,.200,5,8,@,0,5,2013-12-31,4,.400,10,0,,0,30,1,1,4.3,29:35,0,ORL,1,9,W (+13),0,2013-2014,Regular Season,6,5,GSW
29,+16,8,.533,15,12,@,0,2,2014-01-02,13,.591,22,2,.667,3,31,1,1,30.8,43:43,0,MIA,4,36,W (+9),2,2013-2014,Regular Season,4,2,GSW
30,+12,1,.143,7,9,@,0,8,2014-01-03,7,.467,15,7,.875,8,32,1,1,16.6,34:39,0,ATL,5,22,W (+1),5,2013-2014,Regular Season,9,8,GSW
31,+35,1,.200,5,10,@,1,2,2014-01-05,5,.294,17,3,1.000,3,33,1,1,10.1,37:38,1,WAS,5,14,W (+16),1,2013-2014,Regular Season,2,3,GSW
32,+9,2,.182,11,6,@,0,0,2014-01-07,5,.278,18,3,.750,4,34,1,1,1.4,36:14,0,MIL,2,15,W (+21),1,2013-2014,Regular Season,7,0,GSW
33,-1,2,.200,10,7,@,0,5,2014-01-08,11,.440,25,10,1.000,10,35,1,1,21.3,45:28,0,BRK,5,34,L (-4),3,2013-2014,Regular Season,7,5,GSW
34,+5,3,.375,8,4,,0,6,2014-01-10,7,.389,18,2,.667,3,36,1,1,10.7,40:08,1,BOS,1,19,W (+2),1,2013-2014,Regular Season,4,7,GSW
35,+4,4,.308,13,7,,0,5,2014-01-15,7,.368,19,6,.857,7,37,1,1,15.9,39:41,0,DEN,4,24,L (-7),0,2013-2014,Regular Season,2,5,GSW
36,-10,6,.600,10,11,@,0,1,2014-01-17,11,.611,18,9,.818,11,38,1,1,32.6,37:57,2,OKC,2,37,L (-6),3,2013-2014,Regular Season,7,3,GSW
37,+15,2,.222,9,8,@,0,5,2014-01-18,10,.455,22,6,1.000,6,39,1,1,27.6,37:49,1,NOP,2,28,W (+10),4,2013-2014,Regular Season,0,6,GSW
38,-4,3,.273,11,9,,0,3,2014-01-20,9,.450,20,3,.750,4,40,1,1,17.6,41:28,0,IND,2,24,L (-8),0,2013-2014,Regular Season,2,3,GSW
39,-3,6,.600,10,15,,0,2,2014-01-24,12,.571,21,3,1.000,3,41,1,1,29.7,36:53,1,MIN,3,33,L (-1),1,2013-2014,Regular Season,5,3,GSW
40,+12,5,.625,8,8,,0,6,2014-01-26,13,.565,23,7,.700,10,42,1,1,33.6,34:38,1,POR,1,38,W (+15),2,2013-2014,Regular Season,2,7,GSW
41,-9,2,.286,7,4,,0,2,2014-01-28,8,.348,23,5,.833,6,43,1,1,9.1,37:43,0,WAS,5,23,L (-3),4,2013-2014,Regular Season,6,2,GSW
42,+23,4,1.000,4,7,,1,4,2014-01-30,8,.800,10,2,1.000,2,44,1,1,21.8,33:41,0,LAC,3,22,W (+19),1,2013-2014,Regular Season,3,4,GSW
43,+15,8,.615,13,4,@,0,2,2014-01-31,14,.538,26,8,.889,9,45,1,1,32.4,38:06,0,UTA,0,44,W (+5),0,2013-2014,Regular Season,2,2,GSW
44,-18,1,.143,7,11,,0,2,2014-02-04,8,.444,18,0,,0,46,1,1,13.8,38:13,1,CHA,2,17,L (-16),0,2013-2014,Regular Season,2,3,GSW
45,+12,4,.667,6,9,,0,3,2014-02-06,13,.684,19,4,1.000,4,47,1,1,30.9,42:45,0,CHI,3,34,W (+15),1,2013-2014,Regular Season,2,3,GSW
46,-15,3,.300,10,9,@,0,1,2014-02-08,10,.500,20,5,.833,6,48,1,1,22.1,41:09,1,PHO,2,28,L (-13),0,2013-2014,Regular Season,2,2,GSW
47,+34,6,.667,9,8,,0,3,2014-02-10,7,.636,11,3,1.000,3,49,1,1,18.8,27:17,2,PHI,3,23,W (+43),1,2013-2014,Regular Season,7,5,GSW
48,+4,4,1.000,4,7,,0,4,2014-02-12,8,.571,14,9,1.000,9,50,1,1,24.0,39:13,1,MIA,3,29,L (-1),1,2013-2014,Regular Season,5,5,GSW
49,+12,1,.250,4,8,@,0,1,2014-02-19,5,.357,14,2,.667,3,51,1,1,10.9,35:51,0,SAC,2,13,W (+9),1,2013-2014,Regular Season,0,1,GSW
50,+13,5,.625,8,6,,0,2,2014-02-20,8,.533,15,4,1.000,4,52,1,1,20.5,38:26,0,HOU,5,25,W (+3),2,2013-2014,Regular Season,2,2,GSW
51,+12,3,.750,4,8,,0,5,2014-02-22,7,.538,13,0,,0,53,1,1,17.0,31:58,0,BRK,2,17,W (+7),2,2013-2014,Regular Season,2,5,GSW
52,-2,3,.333,9,9,@,0,5,2014-02-24,6,.400,15,4,.800,5,54,1,1,16.4,35:44,3,DET,0,19,W (+8),0,2013-2014,Regular Season,4,8,GSW
53,-12,1,.200,5,5,@,0,3,2014-02-26,2,.200,10,0,,0,55,1,1,-1.8,28:19,0,CHI,0,5,L (-20),0,2013-2014,Regular Season,5,3,GSW
54,+19,5,.455,11,11,@,1,9,2014-02-28,9,.474,19,4,1.000,4,56,1,1,25.0,30:18,2,NYK,2,27,W (+23),0,2013-2014,Regular Season,4,11,GSW
55,-1,4,.364,11,7,@,0,3,2014-03-02,13,.481,27,4,.667,6,57,1,1,19.8,43:12,1,TOR,3,34,L (-6),1,2013-2014,Regular Season,6,4,GSW
56,-7,2,.400,5,6,@,0,7,2014-03-04,7,.389,18,3,1.000,3,58,1,1,12.2,31:59,1,IND,5,19,W (+2),2,2013-2014,Regular Season,4,8,GSW
57,+28,1,.250,4,4,@,0,3,2014-03-05,6,.600,10,1,1.000,1,59,1,1,12.9,21:51,0,BOS,3,14,W (+20),1,2013-2014,Regular Season,0,3,GSW
58,+10,1,.250,4,7,,0,3,2014-03-07,5,.500,10,2,1.000,2,60,1,1,14.4,30:02,0,ATL,1,13,W (+14),1,2013-2014,Regular Season,0,3,GSW
59,+11,1,.200,5,9,,0,2,2014-03-09,7,.438,16,3,1.000,3,61,1,1,15.1,30:16,0,PHO,1,18,W (+6),0,2013-2014,Regular Season,1,2,GSW
60,-3,1,.200,5,4,,0,2,2014-03-11,4,.333,12,1,1.000,1,62,1,1,6.2,22:17,0,DAL,1,10,W (+23),3,2013-2014,Regular Season,3,2,GSW
61,+2,2,.400,5,11,@,0,4,2014-03-12,5,.455,11,1,1.000,1,63,1,1,12.7,29:18,1,LAC,3,13,L (-13),1,2013-2014,Regular Season,4,5,GSW
62,+3,5,.500,10,8,,0,4,2014-03-14,8,.471,17,6,.857,7,64,1,1,23.3,36:01,0,CLE,1,27,L (-9),3,2013-2014,Regular Season,4,4,GSW
63,-5,6,.500,12,5,@,0,4,2014-03-16,11,.458,24,9,1.000,9,65,1,1,23.7,40:08,0,POR,4,37,W (+1),1,2013-2014,Regular Season,5,4,GSW
64,+21,3,.500,6,5,,0,2,2014-03-18,9,.692,13,2,1.000,2,66,1,1,18.9,31:46,1,ORL,1,23,W (+14),0,2013-2014,Regular Season,3,3,GSW
65,+13,3,.600,5,10,,0,2,2014-03-20,9,.643,14,10,1.000,10,67,1,1,29.3,38:04,1,MIL,2,31,W (+5),1,2013-2014,Regular Season,4,3,GSW
66,-7,1,.250,4,6,,0,6,2014-03-22,5,.385,13,9,1.000,9,68,1,1,13.9,39:25,0,SAS,0,20,L (-9),1,2013-2014,Regular Season,6,6,GSW
67,+9,5,.625,8,8,,2,4,2014-03-28,13,.591,22,2,.667,3,69,1,1,28.9,38:03,1,MEM,1,33,W (+7),1,2013-2014,Regular Season,3,5,GSW
68,+5,6,.500,12,1,,0,3,2014-03-30,10,.476,21,6,.750,8,70,1,1,21.0,40:46,1,NYK,2,32,L (-5),1,2013-2014,Regular Season,2,4,GSW
69,+8,3,.375,8,10,@,0,2,2014-04-01,10,.588,17,0,,0,71,1,1,23.6,43:07,1,DAL,2,23,W (+2),2,2013-2014,Regular Season,1,3,GSW
70,-19,1,.250,4,10,@,0,0,2014-04-02,5,.333,15,0,,0,72,1,1,5.7,30:43,0,SAS,2,11,L (-21),1,2013-2014,Regular Season,4,0,GSW
71,+28,2,.400,5,5,,0,1,2014-04-04,5,.417,12,1,1.000,1,73,1,1,10.3,28:33,1,SAC,2,13,W (+33),1,2013-2014,Regular Season,1,2,GSW
72,+31,5,.500,10,16,,0,1,2014-04-06,12,.667,18,2,1.000,2,74,1,1,31.9,29:28,0,UTA,2,31,W (+28),3,2013-2014,Regular Season,5,1,GSW
73,-3,2,.286,7,6,,0,7,2014-04-10,8,.421,19,6,1.000,6,75,1,1,21.8,33:32,0,DEN,1,24,L (-1),4,2013-2014,Regular Season,2,7,GSW
74,+13,4,.800,5,12,@,0,10,2014-04-11,12,.600,20,2,1.000,2,76,1,1,27.0,34:43,0,LAL,3,30,W (+17),2,2013-2014,Regular Season,6,10,GSW
75,+6,7,.500,14,5,@,0,0,2014-04-13,16,.552,29,8,1.000,8,77,1,1,36.1,45:26,1,POR,3,47,L (-2),4,2013-2014,Regular Season,4,1,GSW
76,+10,7,.538,13,15,,0,4,2014-04-14,10,.476,21,5,1.000,5,78,1,1,30.1,41:57,1,MIN,4,32,W (+10),3,2013-2014,Regular Season,5,5,GSW
0,+20,2,.222,9,5,@,0,9,2014-10-29,7,.412,17,8,.889,9,1,1,1,21.4,36:32,1,SAC,5,24,W (+18),6,2014-2015,Regular Season,4,10,GSW
1,+30,3,.375,8,10,,0,5,2014-11-01,10,.526,19,8,1.000,8,2,1,1,30.0,34:06,0,LAL,3,31,W (+23),3,2014-2015,Regular Season,2,5,GSW
2,+12,1,.200,5,6,@,0,4,2014-11-02,6,.333,18,8,1.000,8,3,1,1,15.5,30:50,1,POR,1,21,W (+5),2,2014-2015,Regular Season,3,5,GSW
3,+21,4,.500,8,7,,0,6,2014-11-05,9,.500,18,6,1.000,6,4,1,1,20.1,33:49,0,LAC,4,28,W (+17),1,2014-2015,Regular Season,5,6,GSW
4,+13,6,.667,9,5,@,0,8,2014-11-08,13,.684,19,2,1.000,2,5,1,1,30.7,39:58,1,HOU,2,34,W (+11),4,2014-2015,Regular Season,5,9,GSW
5,-6,4,.400,10,10,@,0,2,2014-11-09,10,.500,20,4,1.000,4,6,1,1,18.6,34:04,0,PHO,5,28,L (-12),5,2014-2015,Regular Season,10,2,GSW
6,-18,0,.000,7,5,,0,6,2014-11-11,7,.389,18,2,1.000,2,7,1,1,7.7,35:46,0,SAS,2,16,L (-13),0,2014-2015,Regular Season,3,6,GSW
7,+6,3,.429,7,5,,0,2,2014-11-13,6,.500,12,2,1.000,2,8,1,1,10.8,31:56,1,BRK,5,17,W (+8),0,2014-2015,Regular Season,3,3,GSW
8,+23,3,.500,6,9,,0,3,2014-11-15,8,.533,15,0,.000,1,9,1,1,18.7,28:18,2,CHO,3,19,W (+25),1,2014-2015,Regular Season,1,5,GSW
9,+27,5,.556,9,15,@,0,4,2014-11-16,10,.526,19,5,1.000,5,10,1,1,30.4,29:56,0,LAL,0,30,W (+21),1,2014-2015,Regular Season,3,4,GSW
10,+23,2,.333,6,10,,0,5,2014-11-21,3,.333,9,0,,0,11,1,1,8.6,24:30,0,UTA,2,8,W (+13),2,2014-2015,Regular Season,4,5,GSW
11,+2,2,.333,6,6,@,0,6,2014-11-23,5,.333,15,3,.750,4,12,1,1,12.1,38:07,0,OKC,0,15,W (+5),1,2014-2015,Regular Season,1,6,GSW
12,+28,8,.727,11,7,@,1,6,2014-11-25,12,.632,19,8,.889,9,13,1,1,38.7,37:05,0,MIA,2,40,W (+17),3,2014-2015,Regular Season,2,6,GSW
13,+22,6,.750,8,8,@,0,4,2014-11-26,9,.692,13,4,.800,5,14,1,1,28.2,23:38,1,ORL,1,28,W (+15),0,2014-2015,Regular Season,1,5,GSW
14,+16,1,.100,10,6,@,2,3,2014-11-28,9,.450,20,7,1.000,7,15,1,1,18.2,32:20,1,CHO,4,26,W (+5),1,2014-2015,Regular Season,4,4,GSW
15,+11,1,.333,3,10,@,0,2,2014-11-30,5,.556,9,5,.833,6,16,1,1,18.8,28:22,1,DET,2,16,W (+11),1,2014-2015,Regular Season,1,3,GSW
16,+8,3,.333,9,5,,0,3,2014-12-02,8,.471,17,3,1.000,3,17,1,1,13.6,36:27,1,ORL,2,22,W (+1),0,2014-2015,Regular Season,4,4,GSW
17,+11,3,.500,6,11,,1,3,2014-12-04,8,.471,17,0,,0,18,1,1,21.6,30:37,0,NOP,0,19,W (+27),4,2014-2015,Regular Season,2,3,GSW
18,+7,1,.200,5,7,@,0,5,2014-12-06,5,.357,14,8,.889,9,19,1,1,15.1,36:11,1,CHI,2,19,W (+10),1,2014-2015,Regular Season,3,6,GSW
19,+22,1,.143,7,7,@,1,3,2014-12-08,10,.500,20,0,,0,20,1,1,17.0,31:20,1,MIN,3,21,W (+16),3,2014-2015,Regular Season,3,4,GSW
20,+16,3,.600,5,7,,0,6,2014-12-10,8,.533,15,1,1.000,1,21,1,1,14.9,37:27,1,HOU,3,20,W (+12),0,2014-2015,Regular Season,4,7,GSW
21,+13,3,.273,11,8,@,0,3,2014-12-13,9,.409,22,8,.889,9,22,1,1,23.9,37:11,0,DAL,1,29,W (+7),2,2014-2015,Regular Season,1,3,GSW
22,+5,6,.600,10,7,@,0,7,2014-12-14,11,.524,21,6,1.000,6,23,1,1,25.3,39:55,0,NOP,1,34,W (+6),1,2014-2015,Regular Season,6,7,GSW
23,+16,1,.100,10,6,@,0,7,2014-12-16,9,.360,25,0,,0,24,1,1,11.6,38:57,0,MEM,2,19,L (-7),4,2014-2015,Regular Season,3,7,GSW
24,+7,5,.417,12,9,,1,3,2014-12-18,14,.583,24,1,1.000,1,25,1,1,33.5,41:31,4,OKC,0,34,W (+5),4,2014-2015,Regular Season,4,7,GSW
25,+15,1,.200,5,11,,0,2,2014-12-22,5,.417,12,1,1.000,1,26,1,1,15.5,26:18,0,SAC,1,12,W (+20),3,2014-2015,Regular Season,1,2,GSW
26,-10,2,.400,5,6,@,0,2,2014-12-23,10,.714,14,0,,0,27,1,1,17.0,29:58,0,LAL,0,22,L (-10),3,2014-2015,Regular Season,7,2,GSW
27,-12,1,.200,5,7,@,0,7,2014-12-25,5,.417,12,3,.750,4,28,1,1,11.4,35:59,2,LAC,3,14,L (-14),2,2014-2015,Regular Season,5,9,GSW
28,+18,4,.444,9,6,,0,2,2014-12-27,9,.500,18,3,.750,4,29,1,1,19.9,30:32,1,MIN,3,25,W (+13),3,2014-2015,Regular Season,3,3,GSW
29,+28,3,.500,6,9,,0,3,2014-12-30,4,.571,7,2,1.000,2,30,1,1,15.7,26:43,0,PHI,3,13,W (+40),3,2014-2015,Regular Season,3,3,GSW
30,+25,5,.455,11,12,,0,3,2015-01-02,10,.556,18,7,1.000,7,31,1,1,33.9,33:54,2,TOR,3,32,W (+21),1,2014-2015,Regular Season,0,5,GSW
31,+15,1,.250,4,6,,0,9,2015-01-05,7,.500,14,4,1.000,4,32,1,1,20.1,31:17,0,OKC,2,19,W (+26),4,2014-2015,Regular Season,2,9,GSW
32,+12,4,.500,8,15,,0,3,2015-01-07,8,.471,17,1,1.000,1,33,1,1,20.7,34:47,0,IND,5,21,W (+15),4,2014-2015,Regular Season,5,3,GSW
33,+10,3,.375,8,10,,0,1,2015-01-09,8,.533,15,4,1.000,4,34,1,1,23.6,35:00,0,CLE,1,23,W (+18),2,2014-2015,Regular Season,1,1,GSW
34,+17,4,.444,9,11,@,0,2,2015-01-13,10,.625,16,3,1.000,3,35,1,1,25.3,29:13,0,UTA,2,27,W (+11),0,2014-2015,Regular Season,2,2,GSW
35,+11,7,.700,10,3,,0,3,2015-01-14,11,.579,19,3,.600,5,36,1,1,25.3,32:06,2,MIA,1,32,W (+15),2,2014-2015,Regular Season,3,5,GSW
36,-4,2,.333,6,6,@,0,3,2015-01-16,6,.462,13,5,1.000,5,37,1,1,12.6,31:12,0,OKC,2,19,L (-12),2,2014-2015,Regular Season,6,3,GSW
37,+25,2,.250,8,11,@,1,4,2015-01-17,9,.500,18,7,.875,8,38,1,1,30.3,33:00,3,HOU,0,27,W (+25),3,2014-2015,Regular Season,2,7,GSW
38,+18,2,.400,5,8,,2,0,2015-01-19,7,.538,13,4,1.000,4,39,1,1,20.6,25:14,1,DEN,2,20,W (+43),1,2014-2015,Regular Season,1,1,GSW
39,+23,3,.600,5,10,,0,1,2015-01-21,7,.583,12,5,.833,6,40,1,1,18.5,33:39,2,HOU,3,22,W (+13),1,2014-2015,Regular Season,6,3,GSW
40,+20,2,.286,7,11,,0,3,2015-01-23,3,.273,11,2,1.000,2,41,1,1,8.8,29:03,1,SAC,0,10,W (+25),2,2014-2015,Regular Season,6,4,GSW
41,+6,1,.200,5,11,,0,4,2015-01-25,6,.375,16,9,1.000,9,42,1,1,20.7,33:03,0,BOS,1,22,W (+3),2,2014-2015,Regular Season,3,4,GSW
42,-3,2,.222,9,9,,0,4,2015-01-27,9,.391,23,1,1.000,1,43,1,1,14.8,42:58,0,CHI,3,21,L (-2),3,2014-2015,Regular Season,3,4,GSW
43,-11,5,.455,11,6,@,0,6,2015-01-30,10,.455,22,7,.778,9,44,1,1,27.1,33:59,1,UTA,1,32,L (-10),3,2014-2015,Regular Season,2,7,GSW
44,+23,4,.444,9,7,,1,3,2015-01-31,9,.391,23,3,1.000,3,45,1,1,19.9,37:26,1,PHO,2,25,W (+19),2,2014-2015,Regular Season,1,4,GSW
45,+7,2,.333,6,9,@,0,5,2015-02-03,6,.400,15,9,.900,10,46,1,1,22.5,28:34,0,SAC,2,23,W (+25),3,2014-2015,Regular Season,2,5,GSW
46,0,10,.625,16,4,,0,4,2015-02-04,16,.615,26,9,.818,11,47,1,1,39.2,36:57,0,DAL,3,51,W (+14),1,2014-2015,Regular Season,3,4,GSW
47,-5,4,.444,9,9,@,2,2,2015-02-06,8,.421,19,6,.857,7,48,1,1,23.6,36:12,0,ATL,3,26,L (-8),2,2014-2015,Regular Season,1,2,GSW
48,+19,5,.556,9,0,@,0,4,2015-02-07,8,.444,18,1,.333,3,49,1,1,13.4,31:19,2,NYK,0,22,W (+14),2,2014-2015,Regular Season,3,6,GSW
49,0,3,.250,12,6,@,0,5,2015-02-09,7,.350,20,3,.750,4,50,1,1,15.3,31:45,0,PHI,2,20,W (+5),3,2014-2015,Regular Season,1,5,GSW
50,0,2,.200,10,8,@,0,3,2015-02-11,9,.391,23,5,1.000,5,51,1,1,20.0,35:30,2,MIN,1,25,W (+3),3,2014-2015,Regular Season,3,5,GSW
51,+22,4,.500,8,11,,0,4,2015-02-20,8,.471,17,5,1.000,5,52,1,1,26.4,31:53,0,SAS,2,25,W (+11),4,2014-2015,Regular Season,2,4,GSW
52,+1,5,.556,9,8,@,0,0,2015-02-24,11,.611,18,5,1.000,5,53,1,1,31.0,33:49,0,WAS,1,32,W (+7),2,2014-2015,Regular Season,0,0,GSW
53,-10,3,.333,9,6,@,0,3,2015-02-26,5,.294,17,5,1.000,5,54,1,1,9.0,33:50,0,CLE,3,18,L (-11),1,2014-2015,Regular Season,4,3,GSW
54,+33,3,.750,4,5,@,0,3,2015-02-27,8,.615,13,3,1.000,3,55,1,1,22.6,25:01,3,TOR,0,22,W (+24),2,2014-2015,Regular Season,2,6,GSW
55,+8,5,.625,8,5,@,0,4,2015-03-01,14,.636,22,4,1.000,4,56,1,1,27.5,37:38,0,BOS,1,37,W (+5),1,2014-2015,Regular Season,5,4,GSW
56,+1,6,.500,12,7,@,0,2,2015-03-02,8,.500,16,4,1.000,4,57,1,1,18.9,29:16,0,BRK,4,26,L (-2),1,2014-2015,Regular Season,4,2,GSW
57,+6,6,.462,13,11,,2,1,2015-03-04,6,.375,16,1,.500,2,58,1,1,15.0,36:35,0,MIL,3,19,W (+9),2,2014-2015,Regular Season,5,1,GSW
58,+23,5,.625,8,7,,1,2,2015-03-06,6,.545,11,5,.833,6,59,1,1,20.7,30:53,0,DAL,2,22,W (+15),2,2014-2015,Regular Season,3,2,GSW
59,+15,2,1.000,2,4,,0,1,2015-03-08,3,.333,9,4,1.000,4,60,1,1,8.6,31:58,0,LAC,1,12,W (+8),3,2014-2015,Regular Season,4,1,GSW
60,+23,7,.538,13,5,@,0,3,2015-03-09,14,.583,24,1,.500,2,61,1,1,29.7,35:46,3,PHO,3,36,W (+18),4,2014-2015,Regular Season,4,6,GSW
61,+8,1,.143,7,11,,0,4,2015-03-11,4,.267,15,0,,0,62,1,1,7.3,33:57,1,DET,1,9,W (+7),1,2014-2015,Regular Season,3,5,GSW
62,+30,6,.600,10,11,,0,3,2015-03-14,8,.533,15,3,1.000,3,63,1,1,27.5,26:56,0,NYK,2,25,W (+31),3,2014-2015,Regular Season,1,3,GSW
63,-3,2,.333,6,9,,0,4,2015-03-16,5,.357,14,7,1.000,7,64,1,1,14.9,32:40,0,LAL,2,19,W (+3),3,2014-2015,Regular Season,6,4,GSW
64,+17,2,.333,6,12,,0,3,2015-03-18,4,.364,11,6,1.000,6,65,1,1,15.5,29:41,1,ATL,1,16,W (+19),0,2014-2015,Regular Season,4,4,GSW
65,+11,2,.200,10,11,,0,2,2015-03-20,4,.235,17,6,1.000,6,66,1,1,11.0,27:02,0,NOP,0,16,W (+16),0,2014-2015,Regular Season,3,2,GSW
66,+12,3,.500,6,3,,0,2,2015-03-21,8,.444,18,5,1.000,5,67,1,1,21.0,32:14,1,UTA,0,24,W (+15),3,2014-2015,Regular Season,0,3,GSW
67,+30,5,.625,8,6,,0,4,2015-03-23,8,.571,14,3,1.000,3,68,1,1,23.1,28:16,1,WAS,1,24,W (+31),2,2014-2015,Regular Season,2,5,GSW
68,+12,5,.556,9,10,@,0,2,2015-03-24,13,.591,22,2,1.000,2,69,1,1,28.6,35:26,0,POR,2,33,W (+14),1,2014-2015,Regular Season,2,2,GSW
69,+26,8,.667,12,10,@,1,2,2015-03-27,12,.545,22,6,1.000,6,70,1,1,34.2,34:14,1,MEM,3,38,W (+23),3,2014-2015,Regular Season,4,3,GSW
70,+1,6,.667,9,6,@,0,4,2015-03-28,8,.615,13,3,1.000,3,71,1,1,17.9,30:24,0,MIL,4,25,W (+13),1,2014-2015,Regular Season,6,4,GSW
71,-1,4,.667,6,4,@,0,0,2015-03-31,8,.533,15,7,1.000,7,72,1,1,20.0,36:11,1,LAC,3,27,W (+4),1,2014-2015,Regular Season,3,1,GSW
72,-1,6,.545,11,5,,0,7,2015-04-02,10,.455,22,2,1.000,2,73,1,1,15.7,33:32,1,PHO,3,28,W (+1),0,2014-2015,Regular Season,6,8,GSW
73,+11,1,.250,4,3,@,0,2,2015-04-04,4,.333,12,2,.667,3,74,1,1,7.5,27:27,2,DAL,1,11,W (+13),1,2014-2015,Regular Season,1,4,GSW
74,-16,5,.500,10,6,@,0,4,2015-04-05,9,.529,17,1,.500,2,75,1,1,16.9,30:03,0,SAS,2,24,L (-15),1,2014-2015,Regular Season,4,4,GSW
75,+4,5,.625,8,9,@,0,5,2015-04-07,9,.500,18,2,1.000,2,76,1,1,22.3,34:45,1,NOP,3,25,L (-3),1,2014-2015,Regular Season,2,6,GSW
76,+21,8,.615,13,10,,0,1,2015-04-09,17,.739,23,3,1.000,3,77,1,1,38.9,35:13,1,POR,2,45,W (+11),0,2014-2015,Regular Season,4,2,GSW
77,+17,5,.455,11,7,,0,4,2015-04-11,11,.524,21,7,.875,8,78,1,1,30.0,35:26,0,MIN,1,34,W (+9),4,2014-2015,Regular Season,3,4,GSW
78,+24,3,.500,6,8,,0,4,2015-04-13,6,.600,10,0,,0,79,1,1,14.4,29:17,0,MEM,2,15,W (+4),1,2014-2015,Regular Season,3,4,GSW
79,+14,2,.500,4,7,,0,2,2015-04-15,4,.400,10,0,,0,80,1,1,14.1,19:20,2,DEN,1,10,W (+7),5,2014-2015,Regular Season,2,4,GSW
0,+12,5,.417,12,7,,0,3,2015-10-27,14,.538,26,7,1.000,7,1,1,1,34.9,35:37,3,NOP,1,40,W (+16),2,2015-2016,Regular Season,2,6,GSW
1,+12,4,.444,9,6,@,0,7,2015-10-30,9,.600,15,3,.750,4,2,1,1,22.4,27:24,0,HOU,4,25,W (+20),1,2015-2016,Regular Season,1,7,GSW
2,+16,8,.571,14,9,@,0,4,2015-10-31,17,.630,27,11,1.000,11,3,1,1,49.2,35:38,0,NOP,3,53,W (+14),4,2015-2016,Regular Season,2,4,GSW
3,+37,4,.500,8,3,,1,2,2015-11-02,10,.625,16,6,1.000,6,4,1,1,26.1,28:24,1,MEM,2,30,W (+50),3,2015-2016,Regular Season,3,3,GSW
4,+7,7,.636,11,4,,0,5,2015-11-04,8,.471,17,8,.889,9,5,1,1,26.0,32:38,0,LAC,3,31,W (+4),1,2015-2016,Regular Season,0,5,GSW
5,+14,8,.500,16,10,,1,7,2015-11-06,12,.545,22,2,.667,3,6,1,1,31.4,34:39,0,DEN,1,34,W (+15),3,2015-2016,Regular Season,4,7,GSW
6,+6,2,.200,10,3,@,0,5,2015-11-07,8,.444,18,6,.857,7,7,1,1,14.1,39:08,1,SAC,1,24,W (+9),2,2015-2016,Regular Season,6,6,GSW
7,+12,3,.429,7,5,,0,4,2015-11-09,7,.389,18,5,.833,6,8,1,1,14.8,36:50,1,DET,1,22,W (+14),3,2015-2016,Regular Season,5,5,GSW
8,+16,3,.300,10,5,@,1,5,2015-11-11,9,.429,21,7,1.000,7,9,1,1,23.2,34:30,0,MEM,1,28,W (+16),5,2015-2016,Regular Season,4,5,GSW
9,+21,8,.615,13,4,@,0,5,2015-11-12,15,.600,25,8,1.000,8,10,1,1,36.6,37:42,0,MIN,3,46,W (+13),2,2015-2016,Regular Season,3,5,GSW
10,+3,5,.313,16,6,,0,3,2015-11-14,13,.419,31,3,1.000,3,11,1,1,19.2,43:44,0,BRK,1,34,W (+8),1,2015-2016,Regular Season,4,3,GSW
11,+11,5,.500,10,9,,0,2,2015-11-17,13,.565,23,6,.857,7,12,1,1,27.2,39:35,0,TOR,1,37,W (+5),2,2015-2016,Regular Season,7,2,GSW
12,+12,6,.429,14,4,@,0,11,2015-11-19,11,.500,22,12,1.000,12,13,1,1,30.3,36:46,0,LAC,2,40,W (+7),3,2015-2016,Regular Season,7,11,GSW
13,+11,3,.273,11,4,,0,4,2015-11-20,9,.450,20,6,1.000,6,14,1,1,18.5,36:05,1,CHI,2,27,W (+12),4,2015-2016,Regular Season,6,5,GSW
14,+11,3,.375,8,7,@,0,4,2015-11-22,8,.500,16,0,,0,15,1,1,16.1,27:37,0,DEN,0,19,W (+13),3,2015-2016,Regular Season,4,4,GSW
15,+36,4,.333,12,9,,0,4,2015-11-24,10,.476,21,0,,0,16,1,1,22.4,30:10,0,LAL,1,24,W (+34),2,2015-2016,Regular Season,0,4,GSW
16,+27,9,.563,16,8,@,0,5,2015-11-27,11,.550,20,10,.909,11,17,1,1,34.0,30:39,1,PHO,2,41,W (+19),2,2015-2016,Regular Season,6,6,GSW
17,+19,3,.500,6,6,,0,4,2015-11-28,4,.571,7,8,1.000,8,18,1,1,22.7,29:48,0,SAC,1,19,W (+19),3,2015-2016,Regular Season,1,4,GSW
18,+12,4,.500,8,5,@,0,4,2015-11-30,9,.450,20,4,1.000,4,19,1,1,20.9,37:16,2,UTA,2,26,W (+3),2,2015-2016,Regular Season,2,6,GSW
19,+19,8,.727,11,5,@,0,3,2015-12-02,14,.778,18,4,1.000,4,20,1,1,31.6,30:49,0,CHO,2,40,W (+17),0,2015-2016,Regular Season,5,3,GSW
20,+15,9,.600,15,7,@,0,1,2015-12-05,14,.583,24,7,.778,9,21,1,1,33.3,37:51,1,TOR,4,44,W (+3),0,2015-2016,Regular Season,3,2,GSW
21,+10,5,.556,9,2,@,0,5,2015-12-06,11,.647,17,1,.250,4,22,1,1,18.4,32:14,0,BRK,2,28,W (+16),1,2015-2016,Regular Season,4,5,GSW
22,+18,3,.300,10,10,@,0,7,2015-12-08,11,.478,23,4,.667,6,23,1,1,24.2,35:39,0,IND,1,29,W (+8),3,2015-2016,Regular Season,4,7,GSW
23,+15,6,.462,13,8,@,0,8,2015-12-11,9,.333,27,14,1.000,14,24,1,1,25.2,46:55,3,BOS,4,38,W (+5),2,2015-2016,Regular Season,8,11,GSW
24,0,2,.222,9,5,@,0,5,2015-12-12,10,.455,22,6,.857,7,25,1,1,20.8,35:14,2,MIL,2,28,L (-13),1,2015-2016,Regular Season,2,7,GSW
25,+37,2,.400,5,7,,0,2,2015-12-16,10,.714,14,3,.600,5,26,1,1,20.3,29:35,0,PHO,4,25,W (+25),1,2015-2016,Regular Season,3,2,GSW
26,+13,2,.333,6,9,,0,8,2015-12-18,7,.500,14,10,.909,11,27,1,1,23.9,39:20,2,MIL,2,26,W (+9),2,2015-2016,Regular Season,6,10,GSW
27,+21,2,.250,8,9,,0,4,2015-12-23,5,.357,14,4,1.000,4,28,1,1,15.6,34:13,1,UTA,2,16,W (+18),3,2015-2016,Regular Season,3,5,GSW
28,+15,1,.250,4,7,,0,6,2015-12-25,6,.400,15,6,1.000,6,29,1,1,16.1,36:35,1,CLE,3,19,W (+6),2,2015-2016,Regular Season,3,7,GSW
29,+24,6,.462,13,10,,0,14,2015-12-28,7,.438,16,3,.750,4,30,1,1,24.2,30:22,0,SAC,3,23,W (+19),2,2015-2016,Regular Season,2,14,GSW
30,+12,1,.200,5,4,,0,1,2016-01-02,2,.333,6,0,,0,31,1,1,4.3,14:23,0,DEN,1,5,W (+3),2,2015-2016,Regular Season,2,1,GSW
31,+1,5,.500,10,4,,0,3,2016-01-04,12,.571,21,1,1.000,1,32,1,1,22.2,31:51,0,CHO,4,30,W (+10),2,2015-2016,Regular Season,2,3,GSW
32,+28,4,.500,8,6,@,0,0,2016-01-05,6,.462,13,1,1.000,1,33,1,1,14.4,26:08,1,LAL,2,17,W (+21),3,2015-2016,Regular Season,3,1,GSW
33,+22,4,.364,11,9,@,0,3,2016-01-08,8,.444,18,6,1.000,6,34,1,1,23.0,28:50,0,POR,2,26,W (+20),1,2015-2016,Regular Season,1,3,GSW
34,+16,8,.571,14,11,@,1,5,2016-01-09,12,.571,21,6,.857,7,35,1,1,34.1,37:54,1,SAC,3,38,W (+12),1,2015-2016,Regular Season,4,6,GSW
35,-3,4,.364,11,6,,0,2,2016-01-11,11,.407,27,5,.833,6,36,1,1,20.1,37:34,0,MIA,2,31,W (+8),1,2015-2016,Regular Season,1,2,GSW
36,-4,5,.417,12,9,@,1,3,2016-01-13,13,.520,25,7,1.000,7,37,1,1,29.6,39:48,2,DEN,1,38,L (-2),3,2015-2016,Regular Season,8,5,GSW
37,+14,8,.500,16,3,,0,4,2016-01-14,9,.500,18,0,,0,38,1,1,18.5,29:31,2,LAL,3,26,W (+18),1,2015-2016,Regular Season,3,6,GSW
38,+2,7,.467,15,5,@,0,6,2016-01-16,13,.500,26,5,.833,6,39,1,1,30.2,36:55,1,DET,1,38,L (-18),2,2015-2016,Regular Season,2,7,GSW
39,+34,7,.583,12,4,@,0,3,2016-01-18,12,.667,18,4,1.000,4,40,1,1,33.1,28:03,2,CLE,3,35,W (+34),3,2015-2016,Regular Season,1,5,GSW
40,+36,3,.333,9,11,@,1,6,2016-01-20,8,.444,18,6,1.000,6,41,1,1,25.7,33:45,1,CHI,2,25,W (+31),2,2015-2016,Regular Season,2,7,GSW
41,+22,8,.533,15,12,,0,8,2016-01-22,11,.579,19,9,1.000,9,42,1,1,40.9,36:49,2,IND,1,39,W (+12),1,2015-2016,Regular Season,2,10,GSW
42,+23,6,.667,9,3,,0,1,2016-01-25,12,.600,20,7,1.000,7,43,1,1,34.9,28:21,1,SAS,0,37,W (+30),5,2015-2016,Regular Season,1,2,GSW
43,+26,3,.429,7,9,,1,1,2016-01-27,4,.364,11,3,1.000,3,44,1,1,18.1,31:48,1,DAL,2,14,W (+20),3,2015-2016,Regular Season,0,2,GSW
44,+8,5,.455,11,6,@,2,3,2016-01-30,9,.474,19,0,,0,45,1,1,13.0,34:12,2,PHI,3,23,W (+3),1,2015-2016,Regular Season,8,5,GSW
45,+10,3,.273,11,4,@,0,4,2016-01-31,5,.294,17,0,,0,46,1,1,6.7,31:59,0,NYK,1,13,W (+21),3,2015-2016,Regular Season,3,4,GSW
46,+20,11,.733,15,2,@,0,6,2016-02-03,19,.679,28,2,.667,3,47,1,1,37.3,35:41,1,WAS,3,51,W (+13),3,2015-2016,Regular Season,7,7,GSW
47,+3,1,.111,9,10,,0,5,2016-02-06,10,.385,26,5,1.000,5,48,1,1,20.2,37:42,1,OKC,2,26,W (+8),3,2015-2016,Regular Season,3,6,GSW
48,+3,7,.438,16,9,,0,4,2016-02-09,12,.500,24,4,1.000,4,49,1,1,30.4,37:41,1,HOU,2,35,W (+13),1,2015-2016,Regular Season,1,5,GSW
49,+12,5,.500,10,9,@,1,4,2016-02-10,9,.529,17,3,.750,4,50,1,1,27.6,30:06,5,PHO,1,26,W (+8),1,2015-2016,Regular Season,2,9,GSW
50,-18,7,.538,13,5,@,0,1,2016-02-19,12,.522,23,0,,0,51,1,1,22.3,26:18,2,POR,4,31,L (-32),2,2015-2016,Regular Season,3,3,GSW
51,+4,3,.375,8,9,@,0,3,2016-02-20,5,.333,15,10,.833,12,52,1,1,20.1,35:30,0,LAC,2,23,W (+3),3,2015-2016,Regular Season,3,3,GSW
52,+13,5,.455,11,8,@,0,5,2016-02-22,14,.636,22,3,1.000,3,53,1,1,34.2,35:48,1,ATL,2,36,W (+10),3,2015-2016,Regular Season,2,6,GSW
53,+7,6,.500,12,7,@,1,4,2016-02-24,14,.483,29,8,1.000,8,54,1,1,30.2,35:35,3,MIA,0,42,W (+6),1,2015-2016,Regular Season,7,7,GSW
54,+11,10,.667,15,8,@,1,7,2016-02-25,20,.741,27,1,1.000,1,55,1,1,43.1,34:02,0,ORL,1,51,W (+16),0,2015-2016,Regular Season,5,7,GSW
55,+6,12,.750,16,6,@,0,3,2016-02-27,14,.583,24,6,.750,8,56,1,1,37.7,37:41,0,OKC,1,46,W (+3),2,2015-2016,Regular Season,3,3,GSW
56,+6,5,.333,15,4,,1,3,2016-03-03,12,.480,25,4,.800,5,57,1,1,24.2,37:11,1,OKC,2,33,W (+15),1,2015-2016,Regular Season,1,4,GSW
57,-8,1,.100,10,4,@,0,5,2016-03-06,6,.300,20,5,1.000,5,58,1,1,7.6,34:17,1,LAL,2,18,L (-17),1,2015-2016,Regular Season,4,6,GSW
58,+21,7,.538,13,3,,0,12,2016-03-07,14,.583,24,6,1.000,6,59,1,1,34.0,37:20,1,ORL,3,41,W (+6),4,2015-2016,Regular Season,5,13,GSW
59,+12,3,.333,9,10,,0,3,2016-03-09,4,.333,12,1,.500,2,60,1,1,11.9,31:31,0,UTA,2,12,W (+21),3,2015-2016,Regular Season,3,3,GSW
60,+14,7,.500,14,4,,0,3,2016-03-11,13,.565,23,1,.500,2,61,1,1,24.6,29:26,0,POR,2,34,W (+16),2,2015-2016,Regular Season,3,3,GSW
61,+19,7,.438,16,6,,0,2,2016-03-12,12,.500,24,4,1.000,4,62,1,1,25.9,34:59,1,PHO,4,35,W (+7),0,2015-2016,Regular Season,1,3,GSW
62,+27,4,.444,9,5,,0,4,2016-03-14,10,.625,16,3,.750,4,63,1,1,25.4,31:18,1,NOP,1,27,W (+18),2,2015-2016,Regular Season,1,5,GSW
63,+31,8,.615,13,4,,0,6,2016-03-16,12,.600,20,2,1.000,2,64,1,1,26.6,28:21,0,NYK,2,34,W (+36),0,2015-2016,Regular Season,2,6,GSW
64,+8,6,.500,12,10,@,0,8,2016-03-18,12,.462,26,1,1.000,1,65,1,1,27.9,34:19,1,DAL,2,31,W (+18),2,2015-2016,Regular Season,1,9,GSW
65,-10,1,.083,12,6,@,0,4,2016-03-19,4,.222,18,5,1.000,5,66,1,1,9.8,37:36,2,SAS,0,14,L (-8),2,2015-2016,Regular Season,2,6,GSW
66,0,2,.222,9,11,@,1,4,2016-03-21,6,.353,17,5,.833,6,67,1,1,17.2,34:50,3,MIN,4,19,W (+5),3,2015-2016,Regular Season,5,7,GSW
67,+4,4,.400,10,5,,0,4,2016-03-23,12,.522,23,5,.833,6,68,1,1,26.8,37:26,0,LAC,3,33,W (+16),3,2015-2016,Regular Season,1,4,GSW
68,+15,5,.417,12,8,,0,8,2016-03-25,9,.500,18,10,.909,11,69,1,1,32.6,35:11,0,DAL,0,33,W (+8),4,2015-2016,Regular Season,3,8,GSW
69,+4,2,.222,9,8,,0,3,2016-03-27,7,.438,16,4,.800,5,70,1,1,17.7,33:12,0,PHI,0,20,W (+12),4,2015-2016,Regular Season,4,3,GSW
70,+15,6,.750,8,7,,0,7,2016-03-29,9,.450,20,2,1.000,2,71,1,1,21.4,34:42,0,WAS,3,26,W (+8),5,2015-2016,Regular Season,5,7,GSW
71,+6,5,.500,10,4,@,0,5,2016-03-30,11,.478,23,4,.800,5,72,1,1,20.0,42:16,2,UTA,4,31,W (+7),2,2015-2016,Regular Season,5,7,GSW
72,-1,8,.571,14,6,,0,5,2016-04-01,9,.474,19,3,1.000,3,73,1,1,16.2,36:37,0,BOS,2,29,L (-3),1,2015-2016,Regular Season,9,5,GSW
73,+16,9,.692,13,7,,1,4,2016-04-03,13,.619,21,4,1.000,4,74,1,1,34.9,34:35,2,POR,2,39,W (+25),2,2015-2016,Regular Season,4,6,GSW
74,+3,4,.286,14,15,,0,4,2016-04-05,7,.280,25,3,1.000,3,75,1,1,17.8,42:35,2,MIN,4,21,L (-7),3,2015-2016,Regular Season,3,6,GSW
75,+14,3,.429,7,9,,0,5,2016-04-07,11,.579,19,2,1.000,2,76,1,1,24.1,36:17,0,SAS,2,27,W (+11),2,2015-2016,Regular Season,3,5,GSW
76,+10,3,.214,14,8,@,0,9,2016-04-09,7,.318,22,0,,0,77,1,1,11.3,33:59,0,MEM,1,17,W (+1),1,2015-2016,Regular Season,2,9,GSW
77,+7,4,.444,9,5,@,0,5,2016-04-10,13,.591,22,7,1.000,7,78,1,1,28.2,35:22,0,SAS,4,37,W (+6),2,2015-2016,Regular Season,4,5,GSW
78,+19,10,.526,19,6,,0,3,2016-04-13,15,.625,24,6,1.000,6,79,1,1,40.2,29:46,1,MEM,2,46,W (+21),2,2015-2016,Regular Season,2,4,GSW
0,-9,3,.300,10,4,,0,3,2016-10-25,9,.500,18,5,.833,6,1,1,1,15.9,34:06,0,SAS,1,26,L (-29),0,2016-2017,Regular Season,4,3,GSW
1,+4,4,.400,10,8,@,0,0,2016-10-28,8,.421,19,3,.750,4,2,1,1,14.6,34:04,1,NOP,3,23,W (+8),1,2016-2017,Regular Season,4,1,GSW
2,0,5,.625,8,3,@,0,1,2016-10-30,9,.529,17,5,1.000,5,3,1,1,19.1,34:13,0,PHO,5,28,W (+6),0,2016-2017,Regular Season,1,1,GSW
3,+24,5,.500,10,3,@,0,3,2016-11-01,10,.476,21,3,.750,4,4,1,1,16.4,29:30,1,POR,3,28,W (+23),1,2016-2017,Regular Season,4,4,GSW
4,+17,2,.333,6,7,,1,1,2016-11-03,6,.429,14,7,.875,8,5,1,1,19.7,30:03,0,OKC,1,21,W (+26),2,2016-2017,Regular Season,1,1,GSW
5,-5,0,.000,10,10,@,1,8,2016-11-04,5,.294,17,3,1.000,3,6,1,1,12.0,31:06,0,LAL,3,13,L (-20),2,2016-2017,Regular Season,2,8,GSW
6,+7,13,.765,17,5,,0,2,2016-11-07,16,.615,26,1,.500,2,7,1,1,37.2,35:39,3,NOP,2,46,W (+10),2,2016-2017,Regular Season,4,5,GSW
7,+17,4,.500,8,6,,0,3,2016-11-09,8,.667,12,4,1.000,4,8,1,1,19.5,30:50,0,DAL,1,24,W (+21),1,2016-2017,Regular Season,5,3,GSW
8,+27,7,.538,13,6,@,0,4,2016-11-10,10,.588,17,6,1.000,6,9,1,1,27.8,29:56,1,DEN,1,33,W (+24),1,2016-2017,Regular Season,4,5,GSW
9,+22,5,.556,9,6,,0,6,2016-11-13,9,.529,17,7,1.000,7,10,1,1,25.9,36:46,0,PHO,2,30,W (+13),2,2016-2017,Regular Season,3,6,GSW
10,+5,3,.333,9,7,@,0,1,2016-11-16,10,.526,19,12,.923,13,11,1,1,28.7,37:22,2,TOR,3,35,W (+6),1,2016-2017,Regular Season,3,3,GSW
11,+19,2,.200,10,8,@,1,3,2016-11-18,7,.350,20,0,,0,12,1,1,12.4,36:18,0,BOS,4,16,W (+16),4,2016-2017,Regular Season,2,3,GSW
12,+1,1,.091,11,5,@,0,5,2016-11-19,7,.333,21,5,1.000,5,13,1,1,9.5,34:41,0,MIL,4,20,W (+3),1,2016-2017,Regular Season,3,5,GSW
13,+34,2,.333,6,6,@,0,4,2016-11-21,6,.545,11,8,1.000,8,14,1,1,23.1,29:30,2,IND,1,22,W (+37),1,2016-2017,Regular Season,1,6,GSW
14,+32,7,.583,12,9,,0,5,2016-11-23,11,.611,18,2,1.000,2,15,1,1,30.2,28:45,0,LAL,1,31,W (+43),1,2016-2017,Regular Season,1,5,GSW
15,+14,4,.400,10,5,@,0,3,2016-11-25,8,.471,17,4,1.000,4,16,1,1,20.7,35:36,2,LAL,1,24,W (+24),3,2016-2017,Regular Season,3,5,GSW
16,+16,4,.500,8,6,,0,7,2016-11-26,13,.684,19,4,1.000,4,17,1,1,26.3,37:10,1,MIN,4,34,W (+13),1,2016-2017,Regular Season,6,8,GSW
17,+6,4,.364,11,3,,0,3,2016-11-28,6,.353,17,9,.818,11,18,1,1,15.9,38:14,0,ATL,2,25,W (+5),2,2016-2017,Regular Season,3,3,GSW
18,+10,4,.308,13,5,,1,2,2016-12-01,9,.409,22,6,1.000,6,19,1,1,17.3,38:23,1,HOU,6,28,L (-5),3,2016-2017,Regular Season,5,3,GSW
19,+15,5,.714,7,1,,0,2,2016-12-03,10,.667,15,6,1.000,6,20,1,1,23.0,29:50,0,PHO,2,31,W (+29),1,2016-2017,Regular Season,3,2,GSW
20,+24,2,.286,7,11,,1,4,2016-12-05,4,.400,10,3,.750,4,21,1,1,17.2,29:09,0,IND,4,13,W (+36),2,2016-2017,Regular Season,0,4,GSW
21,+18,0,.000,8,6,@,0,4,2016-12-07,7,.438,16,5,1.000,5,22,1,1,18.8,33:17,0,LAC,3,19,W (+17),7,2016-2017,Regular Season,3,4,GSW
22,+10,3,.333,9,2,@,0,5,2016-12-08,7,.438,16,9,1.000,9,23,1,1,18.7,35:34,0,UTA,2,26,W (+7),2,2016-2017,Regular Season,3,5,GSW
23,-24,3,.273,11,3,@,0,6,2016-12-10,4,.286,14,6,1.000,6,24,1,1,8.9,30:35,2,MEM,3,17,L (-21),0,2016-2017,Regular Season,4,8,GSW
24,-6,2,.400,5,9,@,0,3,2016-12-11,6,.462,13,8,1.000,8,25,1,1,23.0,31:35,1,MIN,3,22,W (+8),1,2016-2017,Regular Season,0,4,GSW
25,+4,5,.556,9,7,@,0,2,2016-12-13,11,.478,23,3,.750,4,26,1,1,23.0,34:07,2,NOP,2,30,W (+4),1,2016-2017,Regular Season,2,4,GSW
26,+20,2,.250,8,8,,0,9,2016-12-15,3,.214,14,0,,0,27,1,1,6.4,33:49,1,NYK,0,8,W (+13),1,2016-2017,Regular Season,3,10,GSW
27,+21,5,.625,8,6,,0,3,2016-12-17,6,.545,11,2,1.000,2,28,1,1,14.6,27:14,0,POR,3,19,W (+45),0,2016-2017,Regular Season,3,3,GSW
28,+27,4,.444,9,4,,0,3,2016-12-20,8,.444,18,5,1.000,5,29,1,1,22.3,30:13,0,UTA,0,25,W (+30),3,2016-2017,Regular Season,0,3,GSW
29,+25,3,.231,13,7,@,0,2,2016-12-22,6,.316,19,0,,0,30,1,1,10.6,32:58,0,BRK,5,15,W (+16),5,2016-2017,Regular Season,2,2,GSW
30,+6,5,.500,10,8,@,0,3,2016-12-23,7,.438,16,6,1.000,6,31,1,1,19.7,35:00,0,DET,1,25,W (+6),2,2016-2017,Regular Season,5,3,GSW
31,-1,2,.286,7,3,@,0,3,2016-12-25,4,.364,11,5,.833,6,32,1,1,9.9,37:20,0,CLE,4,15,L (-1),3,2016-2017,Regular Season,3,3,GSW
32,+27,3,.500,6,7,,0,6,2016-12-28,9,.500,18,7,1.000,7,33,1,1,23.2,36:19,1,TOR,3,28,W (+10),0,2016-2017,Regular Season,2,7,GSW
33,+14,3,.500,6,5,,0,4,2016-12-30,5,.417,12,1,1.000,1,34,1,1,11.5,30:08,0,DAL,2,14,W (+9),1,2016-2017,Regular Season,1,4,GSW
34,+7,3,.333,9,5,,0,3,2017-01-02,8,.444,18,3,1.000,3,35,1,1,13.2,35:03,0,DEN,2,22,W (+8),0,2016-2017,Regular Season,3,3,GSW
35,+6,5,.385,13,5,,0,6,2017-01-04,12,.480,25,6,.750,8,36,1,1,23.1,35:54,1,POR,1,35,W (+8),1,2016-2017,Regular Season,5,7,GSW
36,-10,5,.385,13,6,,1,3,2017-01-06,15,.556,27,5,1.000,5,37,1,1,29.1,42:13,0,MEM,2,40,L (-9),1,2016-2017,Regular Season,4,3,GSW
37,+14,5,.455,11,6,@,0,2,2017-01-08,11,.500,22,3,1.000,3,38,1,1,22.0,37:06,2,SAC,3,30,W (+11),2,2016-2017,Regular Season,4,4,GSW
38,+18,4,.364,11,9,,1,7,2017-01-10,8,.381,21,4,.800,5,39,1,1,19.9,35:43,1,MIA,0,24,W (+12),1,2016-2017,Regular Season,3,8,GSW
39,+32,3,.333,9,7,,0,2,2017-01-12,9,.529,17,3,1.000,3,40,1,1,18.2,29:51,0,DET,0,24,W (+20),5,2016-2017,Regular Season,8,2,GSW
40,+23,5,.417,12,11,,0,2,2017-01-16,7,.350,20,1,.500,2,41,1,1,16.9,30:55,0,CLE,2,20,W (+35),4,2016-2017,Regular Season,3,2,GSW
41,+19,2,.333,6,8,,0,4,2017-01-18,9,.474,19,4,1.000,4,42,1,1,21.1,34:11,0,OKC,0,24,W (+21),3,2016-2017,Regular Season,3,4,GSW
42,+15,5,.455,11,7,@,0,1,2017-01-20,8,.444,18,3,.600,5,43,1,1,18.6,32:57,0,HOU,1,24,W (+17),1,2016-2017,Regular Season,1,1,GSW
43,+32,7,.538,13,6,@,0,3,2017-01-22,8,.533,15,4,1.000,4,44,1,1,21.7,29:33,1,ORL,2,27,W (+20),0,2016-2017,Regular Season,3,4,GSW
44,+1,3,.333,9,8,@,1,9,2017-01-23,7,.368,19,4,.800,5,45,1,1,14.3,36:31,0,MIA,2,21,L (-3),0,2016-2017,Regular Season,4,9,GSW
45,0,6,.500,12,7,@,1,2,2017-01-25,11,.478,23,0,,0,46,1,1,18.7,36:16,0,CHO,2,28,W (+10),1,2016-2017,Regular Season,4,2,GSW
46,+42,9,.600,15,6,,0,9,2017-01-28,15,.652,23,4,1.000,4,47,1,1,37.4,28:57,0,LAC,1,43,W (+46),0,2016-2017,Regular Season,2,9,GSW
47,+25,11,.733,15,8,,0,4,2017-02-01,14,.700,20,0,,0,48,1,1,39.3,30:16,1,CHO,2,39,W (+15),3,2016-2017,Regular Season,1,5,GSW
48,+13,3,.300,10,11,@,0,2,2017-02-02,11,.478,23,4,1.000,4,49,1,1,24.9,37:26,1,LAC,1,29,W (+13),3,2016-2017,Regular Season,4,3,GSW
49,+4,8,.571,14,9,@,0,4,2017-02-04,11,.550,20,5,.833,6,50,1,1,31.7,41:45,0,SAC,2,35,L (-3),3,2016-2017,Regular Season,3,4,GSW
50,+20,1,.250,4,6,,0,1,2017-02-08,5,.455,11,2,1.000,2,51,1,1,9.2,28:12,0,CHI,4,13,W (+31),1,2016-2017,Regular Season,2,1,GSW
51,+15,2,.333,6,5,@,0,4,2017-02-10,6,.462,13,4,.800,5,52,1,1,11.4,34:51,0,MEM,3,18,W (+15),0,2016-2017,Regular Season,3,4,GSW
52,+16,4,.364,11,9,@,0,5,2017-02-11,9,.474,19,4,1.000,4,53,1,1,27.4,33:54,3,OKC,2,26,W (+16),2,2016-2017,Regular Season,0,8,GSW
53,-24,1,.091,11,5,@,0,1,2017-02-13,4,.222,18,2,1.000,2,54,1,1,4.1,26:42,1,DEN,1,11,L (-22),1,2016-2017,Regular Season,1,2,GSW
54,+23,2,.250,8,9,,2,6,2017-02-15,4,.286,14,3,.750,4,55,1,1,10.1,30:03,0,SAC,2,13,W (+23),0,2016-2017,Regular Season,3,6,GSW
55,+26,6,.600,10,5,,0,6,2017-02-23,10,.625,16,9,.900,10,56,1,1,31.4,32:11,1,LAC,5,35,W (+10),4,2016-2017,Regular Season,4,7,GSW
56,+17,5,.500,10,5,,0,4,2017-02-25,9,.429,21,4,1.000,4,57,1,1,19.5,34:55,1,BRK,2,27,W (+17),3,2016-2017,Regular Season,4,5,GSW
57,+8,0,.000,11,6,@,0,2,2017-02-27,7,.304,23,5,1.000,5,58,1,1,9.1,34:48,2,PHI,2,19,W (+11),2,2016-2017,Regular Season,4,4,GSW
58,-5,2,.222,9,4,@,0,3,2017-02-28,9,.450,20,5,.833,6,59,1,1,16.5,34:14,4,WAS,3,25,L (-4),2,2016-2017,Regular Season,5,7,GSW
59,-4,2,.182,11,5,@,0,5,2017-03-02,10,.370,27,1,1.000,1,60,1,1,13.2,35:28,1,CHI,4,23,L (-7),5,2016-2017,Regular Season,4,6,GSW
60,+22,5,.385,13,6,@,0,6,2017-03-05,11,.458,24,4,.667,6,61,1,1,24.4,36:51,2,NYK,2,31,W (+7),2,2016-2017,Regular Season,2,8,GSW
61,+5,6,.400,15,9,@,0,3,2017-03-06,8,.400,20,2,.667,3,62,1,1,17.1,34:31,1,ATL,4,24,W (+8),0,2016-2017,Regular Season,2,4,GSW
62,-3,2,.222,9,6,,1,2,2017-03-08,8,.500,16,5,1.000,5,63,1,1,17.0,35:08,3,BOS,4,23,L (-13),0,2016-2017,Regular Season,4,5,GSW
63,-5,1,.125,8,7,@,0,3,2017-03-10,10,.370,27,5,1.000,5,64,1,1,12.4,35:18,3,MIN,4,26,L (-1),1,2016-2017,Regular Season,6,6,GSW
64,+3,5,.385,13,5,,0,4,2017-03-14,8,.348,23,8,1.000,8,65,1,1,19.0,37:25,2,PHI,3,29,W (+2),3,2016-2017,Regular Season,5,6,GSW
65,+24,2,.286,7,9,,0,1,2017-03-16,8,.533,15,7,1.000,7,66,1,1,24.9,28:07,0,ORL,1,25,W (+30),3,2016-2017,Regular Season,2,1,GSW
66,+18,6,.750,8,4,,1,4,2017-03-18,9,.692,13,4,1.000,4,67,1,1,24.0,30:17,0,MIL,3,28,W (+25),1,2016-2017,Regular Season,3,4,GSW
67,+16,7,.583,12,6,@,0,4,2017-03-20,8,.471,17,0,,0,68,1,1,13.5,29:53,0,OKC,3,23,W (+16),0,2016-2017,Regular Season,5,4,GSW
68,+14,3,.333,9,9,@,0,4,2017-03-21,7,.500,14,0,,0,69,1,1,19.8,29:45,1,DAL,1,17,W (+25),2,2016-2017,Regular Season,0,5,GSW
69,+28,5,.455,11,12,,0,6,2017-03-24,9,.500,18,4,1.000,4,70,1,1,31.9,33:14,1,SAC,0,27,W (+14),6,2016-2017,Regular Season,3,7,GSW
70,+8,5,.417,12,11,,0,1,2017-03-26,8,.444,18,0,,0,71,1,1,18.2,36:19,0,MEM,1,21,W (+12),4,2016-2017,Regular Season,5,1,GSW
71,+9,3,.273,11,7,@,0,8,2017-03-28,11,.500,22,7,.700,10,72,1,1,22.5,33:25,2,HOU,5,32,W (+7),2,2016-2017,Regular Season,6,10,GSW
72,+6,4,.500,8,11,@,0,3,2017-03-29,9,.450,20,7,1.000,7,73,1,1,24.9,35:08,1,SAS,5,29,W (+12),1,2016-2017,Regular Season,2,4,GSW
73,+14,4,.444,9,5,,0,4,2017-03-31,8,.444,18,4,.800,5,74,1,1,19.4,34:46,3,HOU,4,24,W (+9),2,2016-2017,Regular Season,2,7,GSW
74,+26,9,.643,14,8,,0,1,2017-04-02,15,.682,22,3,1.000,3,75,1,1,37.3,35:33,0,WAS,3,42,W (+24),1,2016-2017,Regular Season,1,1,GSW
75,+13,3,.375,8,9,,2,3,2017-04-04,7,.389,18,2,.500,4,76,1,1,16.2,29:53,0,MIN,2,19,W (+14),3,2016-2017,Regular Season,3,3,GSW
76,+25,8,.667,12,11,@,2,4,2017-04-05,15,.600,25,4,.571,7,77,1,1,38.6,35:11,0,PHO,0,42,W (+9),2,2016-2017,Regular Season,3,4,GSW
77,+9,6,.750,8,4,,0,3,2017-04-10,9,.563,16,4,.800,5,78,1,1,24.0,29:57,1,UTA,1,28,L (-6),1,2016-2017,Regular Season,1,4,GSW
78,+27,5,.357,14,8,,0,5,2017-04-12,6,.353,17,3,.750,4,79,1,1,12.8,28:27,0,LAL,1,20,W (+15),2,2016-2017,Regular Season,6,5,GSW
0,+9,3,.333,9,4,,0,5,2017-10-17,8,.444,18,3,1.000,3,1,1,1,14.3,29:33,0,HOU,4,22,L (-1),1,2017-2018,Regular Season,2,5,GSW
1,+7,4,.364,11,8,@,0,3,2017-10-20,7,.438,16,10,1.000,10,2,1,1,24.7,35:07,0,NOP,1,28,W (+8),0,2017-2018,Regular Season,1,3,GSW
2,-6,6,.545,11,3,@,0,6,2017-10-21,9,.529,17,13,1.000,13,3,1,1,28.6,30:05,0,MEM,5,37,L (-10),0,2017-2018,Regular Season,2,6,GSW
3,+22,2,.200,10,8,@,0,0,2017-10-23,7,.467,15,13,1.000,13,4,1,1,25.9,31:09,2,DAL,1,29,W (+30),4,2017-2018,Regular Season,6,2,GSW
4,+14,4,.364,11,5,,1,4,2017-10-25,9,.450,20,8,1.000,8,5,1,1,25.2,37:31,0,TOR,2,30,W (+5),3,2017-2018,Regular Season,2,4,GSW
5,-8,3,.231,13,8,,0,5,2017-10-27,7,.368,19,3,1.000,3,6,1,1,15.8,36:12,0,WAS,2,20,W (+3),2,2017-2018,Regular Season,2,5,GSW
6,+12,3,.429,7,8,,0,5,2017-10-29,11,.647,17,2,.667,3,7,1,1,21.7,35:26,1,DET,3,27,L (-8),1,2017-2018,Regular Season,5,6,GSW
7,+21,7,.636,11,6,@,1,3,2017-10-30,9,.643,14,6,.750,8,8,1,1,31.0,29:54,2,LAC,3,31,W (+28),2,2017-2018,Regular Season,1,5,GSW
8,+16,3,.750,4,5,@,0,7,2017-11-02,7,.538,13,4,1.000,4,9,1,1,21.2,31:51,1,SAS,2,21,W (+20),3,2017-2018,Regular Season,2,8,GSW
9,+44,5,.500,10,11,@,0,0,2017-11-04,7,.500,14,3,.750,4,10,1,1,21.3,29:38,0,DEN,0,22,W (+19),2,2017-2018,Regular Season,3,0,GSW
10,+25,2,.222,9,4,,0,5,2017-11-06,5,.263,19,4,.800,5,11,1,1,8.4,33:53,0,MIA,3,16,W (+17),2,2017-2018,Regular Season,1,5,GSW
11,+16,2,.286,7,8,,1,8,2017-11-08,7,.438,16,6,1.000,6,12,1,1,18.5,29:48,0,MIN,2,22,W (+24),2,2017-2018,Regular Season,5,8,GSW
12,+29,3,.375,8,9,,0,4,2017-11-11,5,.417,12,9,1.000,9,13,1,1,22.1,29:54,0,PHI,0,22,W (+21),1,2017-2018,Regular Season,2,4,GSW
13,-14,2,.222,9,5,@,0,4,2017-11-16,3,.214,14,1,.500,2,14,1,1,4.1,31:04,2,BOS,5,9,L (-4),4,2017-2018,Regular Season,4,6,GSW
14,+3,4,.444,9,5,@,1,5,2017-11-18,11,.500,22,9,1.000,9,15,1,1,27.3,34:39,0,PHI,1,35,W (+8),0,2017-2018,Regular Season,2,5,GSW
15,+4,4,.400,10,7,@,0,8,2017-11-19,14,.583,24,7,.875,8,16,1,1,30.4,32:39,3,BRK,6,39,W (+7),3,2017-2018,Regular Season,7,11,GSW
16,-17,3,.375,8,6,@,0,4,2017-11-22,9,.500,18,3,1.000,3,17,1,1,15.7,30:49,1,OKC,1,24,L (-17),1,2017-2018,Regular Season,6,5,GSW
17,+39,4,.364,11,4,,0,7,2017-11-24,10,.556,18,9,1.000,9,18,1,1,28.5,26:51,0,CHI,2,33,W (+49),2,2017-2018,Regular Season,2,7,GSW
18,+5,3,.231,13,6,,0,4,2017-11-25,9,.360,25,6,1.000,6,19,1,1,17.7,36:28,0,NOP,2,27,W (+15),1,2017-2018,Regular Season,1,4,GSW
19,+4,3,.333,9,7,@,0,5,2017-11-29,9,.450,20,7,.875,8,20,1,1,17.0,39:24,0,LAL,4,28,W (+4),0,2017-2018,Regular Season,5,5,GSW
20,+19,3,.375,8,10,@,0,5,2017-12-01,9,.450,20,2,1.000,2,21,1,1,20.0,33:03,1,ORL,2,23,W (+21),3,2017-2018,Regular Season,4,6,GSW
21,+20,5,.556,9,3,@,0,2,2017-12-03,11,.688,16,3,.750,4,22,1,1,27.1,30:19,0,MIA,1,30,W (+28),2,2017-2018,Regular Season,0,2,GSW
22,-1,5,.455,11,11,@,0,3,2017-12-04,9,.474,19,8,.889,9,23,1,1,27.9,34:27,2,NOP,5,31,W (+10),1,2017-2018,Regular Season,2,5,GSW
23,+21,10,.769,13,3,,0,4,2017-12-30,13,.765,17,2,1.000,2,24,1,1,33.8,25:36,0,MEM,2,38,W (+13),0,2017-2018,Regular Season,0,4,GSW
24,+7,6,.462,13,8,@,0,5,2018-01-03,11,.579,19,4,.800,5,25,1,1,27.4,34:29,0,DAL,1,32,W (+3),1,2017-2018,Regular Season,3,5,GSW
25,+3,4,.400,10,5,@,0,9,2018-01-04,10,.500,20,5,.833,6,26,1,1,21.6,36:51,0,HOU,3,29,W (+10),1,2017-2018,Regular Season,3,9,GSW
26,+28,8,.500,16,3,@,0,4,2018-01-06,11,.524,21,15,.938,16,27,1,1,39.2,29:51,2,LAC,2,45,W (+16),3,2017-2018,Regular Season,2,6,GSW
27,+3,5,.500,10,9,,0,3,2018-01-08,9,.529,17,9,.900,10,28,1,1,26.0,34:50,1,DEN,3,32,W (+10),2,2017-2018,Regular Season,6,4,GSW
28,-5,2,.286,7,9,@,0,6,2018-01-13,6,.500,12,10,.833,12,29,1,1,24.1,34:28,0,TOR,3,24,W (+2),1,2017-2018,Regular Season,1,6,GSW
29,+13,4,.500,8,8,@,0,3,2018-01-15,8,.533,15,3,.750,4,30,1,1,20.3,33:24,1,CLE,3,23,W (+10),2,2017-2018,Regular Season,3,4,GSW
30,+21,6,.545,11,4,@,0,9,2018-01-17,10,.556,18,4,1.000,4,31,1,1,21.1,34:55,0,CHI,2,30,W (+7),1,2017-2018,Regular Season,6,9,GSW
31,-11,5,.333,15,8,@,0,1,2018-01-20,6,.300,20,2,.500,4,32,1,1,7.7,36:11,0,HOU,2,19,L (-8),2,2017-2018,Regular Season,6,1,GSW
32,+4,8,.533,15,7,,0,6,2018-01-23,9,.474,19,6,1.000,6,33,1,1,27.2,33:16,0,NYK,2,32,W (+11),0,2017-2018,Regular Season,1,6,GSW
33,+20,5,.556,9,9,,0,3,2018-01-25,9,.643,14,2,.667,3,34,1,1,27.2,37:26,2,MIN,2,25,W (+13),3,2017-2018,Regular Season,2,5,GSW
34,+6,8,.615,13,5,,0,4,2018-01-27,16,.667,24,9,.900,10,35,1,1,43.1,36:48,0,BOS,2,49,W (+4),2,2017-2018,Regular Season,1,4,GSW
35,-17,1,.143,7,5,@,0,1,2018-01-30,4,.308,13,5,1.000,5,36,1,1,7.6,29:38,1,UTA,1,14,L (-30),0,2017-2018,Regular Season,3,2,GSW
36,+14,3,.300,10,6,@,0,4,2018-02-02,7,.412,17,6,1.000,6,37,1,1,14.8,35:35,1,SAC,3,23,W (+15),2,2017-2018,Regular Season,6,5,GSW
37,+4,5,.417,12,4,@,0,5,2018-02-03,8,.500,16,3,.750,4,38,1,1,16.8,35:37,1,DEN,2,24,L (-7),2,2017-2018,Regular Season,5,6,GSW
38,-12,2,.222,9,5,,1,4,2018-02-06,6,.429,14,7,1.000,7,39,1,1,16.5,31:49,1,OKC,3,21,L (-20),1,2017-2018,Regular Season,3,5,GSW
39,+3,4,.444,9,8,,0,5,2018-02-08,7,.583,12,2,1.000,2,40,1,1,18.5,29:41,2,DAL,1,20,W (+18),0,2017-2018,Regular Season,4,7,GSW
40,+6,3,.429,7,8,,0,3,2018-02-10,7,.538,13,0,,0,41,1,1,17.9,28:52,1,SAS,0,17,W (+17),2,2017-2018,Regular Season,2,4,GSW
41,+21,3,.333,9,7,,1,7,2018-02-12,8,.471,17,3,1.000,3,42,1,1,18.2,29:53,2,PHO,3,22,W (+46),0,2017-2018,Regular Season,3,9,GSW
42,-7,3,.300,10,6,@,0,2,2018-02-14,6,.353,17,2,1.000,2,43,1,1,8.1,34:26,2,POR,4,17,L (-6),3,2017-2018,Regular Season,7,4,GSW
43,+8,8,.727,11,10,,0,5,2018-02-22,14,.737,19,8,1.000,8,44,1,1,41.9,37:08,1,LAC,4,44,W (+7),2,2017-2018,Regular Season,4,6,GSW
44,+24,5,.417,12,6,,0,8,2018-02-24,8,.421,19,0,,0,45,1,1,18.4,29:49,1,OKC,2,21,W (+32),3,2017-2018,Regular Season,2,9,GSW
45,+25,4,.444,9,5,@,0,5,2018-02-26,8,.500,16,1,1.000,1,46,1,1,14.6,30:17,0,NYK,1,21,W (+14),0,2017-2018,Regular Season,3,5,GSW
46,+20,4,.444,9,3,@,0,5,2018-02-28,5,.333,15,11,.917,12,47,1,1,14.5,35:07,0,WAS,3,25,W (+8),2,2017-2018,Regular Season,6,5,GSW
47,+2,4,.444,9,3,@,0,1,2018-03-02,8,.533,15,8,1.000,8,48,1,1,25.1,23:29,0,ATL,0,28,W (+5),2,2017-2018,Regular Season,0,1,GSW
48,+11,6,.500,12,4,,1,5,2018-03-06,12,.600,20,4,.800,5,49,1,1,29.3,33:56,1,BRK,2,34,W (+13),3,2017-2018,Regular Season,3,6,GSW
49,-1,0,,0,0,,0,0,2018-03-08,0,.000,1,2,1.000,2,50,1,1,1.3,2:23,0,SAS,0,2,W (+3),0,2017-2018,Regular Season,0,0,GSW
50,+9,3,.375,8,1,,1,6,2018-03-23,10,.556,18,6,1.000,6,51,1,1,22.9,25:22,1,ATL,1,29,W (+12),0,2017-2018,Regular Season,1,7,GSW
0,+15,5,.556,9,9,,0,8,2018-10-16,11,.550,20,5,1.000,5,1,1,1,27.5,36:37,0,OKC,4,32,W (+8),1,2018-2019,Regular Season,3,8,GSW
1,-3,5,.556,9,8,@,0,3,2018-10-19,13,.542,24,0,.000,1,2,1,1,23.4,37:07,1,UTA,2,31,W (+1),2,2018-2019,Regular Season,4,4,GSW
2,+3,6,.375,16,6,@,0,4,2018-10-21,10,.435,23,4,1.000,4,3,1,1,19.7,39:13,0,DEN,4,30,L (-2),0,2018-2019,Regular Season,2,4,GSW
3,+18,6,.462,13,8,,0,4,2018-10-22,11,.611,18,1,.500,2,4,1,1,26.2,29:40,0,PHO,0,29,W (+20),2,2018-2019,Regular Season,3,4,GSW
4,+19,11,.688,16,3,,1,4,2018-10-24,15,.625,24,10,1.000,10,5,1,1,41.8,31:35,0,WAS,1,51,W (+22),0,2018-2019,Regular Season,2,4,GSW
5,+3,6,.545,11,2,@,0,3,2018-10-26,10,.556,18,3,1.000,3,6,1,1,20.6,33:24,1,NYK,2,29,W (+28),1,2018-2019,Regular Season,3,4,GSW
6,+11,7,.467,15,3,@,0,6,2018-10-28,11,.423,26,6,.857,7,7,1,1,24.0,36:16,1,BRK,1,35,W (+6),1,2018-2019,Regular Season,2,7,GSW
7,+27,2,.500,4,5,@,0,8,2018-10-29,7,.778,9,7,1.000,7,8,1,1,25.2,24:50,0,CHI,3,23,W (+25),2,2018-2019,Regular Season,1,8,GSW
8,+19,7,.636,11,9,,0,2,2018-10-31,12,.600,20,6,.857,7,9,1,1,30.1,36:53,0,NOP,3,37,W (+10),2,2018-2019,Regular Season,5,2,GSW
9,+6,4,.333,12,7,,2,8,2018-11-02,11,.458,24,2,1.000,2,10,1,1,19.8,35:28,1,MIN,3,28,W (+17),0,2018-2019,Regular Season,4,9,GSW
10,+26,3,.500,6,7,,1,3,2018-11-05,6,.353,17,4,1.000,4,11,1,1,13.0,32:04,2,MEM,1,19,W (+16),1,2018-2019,Regular Season,5,5,GSW
11,-24,0,.000,4,6,,0,1,2018-11-08,5,.357,14,0,,0,12,1,1,3.1,26:06,0,MIL,4,10,L (-23),0,2018-2019,Regular Season,2,1,GSW
12,-8,3,.333,9,3,@,0,5,2018-12-01,10,.476,21,4,1.000,4,13,1,1,13.3,36:30,0,DET,4,27,L (-9),2,2018-2019,Regular Season,7,5,GSW
13,+22,6,.600,10,2,@,1,3,2018-12-03,10,.588,17,4,1.000,4,14,1,1,21.5,29:06,0,ATL,4,30,W (+17),1,2018-2019,Regular Season,3,3,GSW
14,+22,9,.643,14,7,@,0,9,2018-12-05,11,.550,20,11,.917,12,15,1,1,38.2,33:47,0,CLE,1,42,W (+24),1,2018-2019,Regular Season,2,9,GSW
15,+9,4,.444,9,8,@,0,4,2018-12-07,7,.412,17,2,1.000,2,16,1,1,14.5,35:37,0,MIL,3,20,W (+10),1,2018-2019,Regular Season,3,4,GSW
16,+9,7,.500,14,6,,1,6,2018-12-10,12,.522,23,7,1.000,7,17,1,1,33.7,35:45,1,MIN,1,38,W (+8),2,2018-2019,Regular Season,2,7,GSW
17,-16,2,.250,8,3,,0,2,2018-12-12,3,.250,12,2,1.000,2,18,1,1,2.8,32:32,1,TOR,1,10,L (-20),1,2018-2019,Regular Season,4,3,GSW
18,+18,5,.357,14,6,@,0,6,2018-12-14,11,.478,23,8,1.000,8,19,1,1,31.2,36:00,1,SAC,2,35,W (+5),3,2018-2019,Regular Season,1,7,GSW
19,+19,3,.333,9,1,,0,7,2018-12-17,6,.375,16,5,1.000,5,20,1,1,11.8,35:02,0,MEM,3,20,W (+17),2,2018-2019,Regular Season,3,7,GSW
20,-6,5,.556,9,3,@,1,2,2018-12-19,12,.571,21,3,1.000,3,21,1,1,23.6,37:00,1,UTA,4,32,L (-5),3,2018-2019,Regular Season,4,3,GSW
21,-3,6,.353,17,5,,0,3,2018-12-22,7,.318,22,2,.667,3,22,1,1,11.8,39:29,2,DAL,5,22,W (+4),2,2018-2019,Regular Season,3,5,GSW
22,+8,6,.400,15,2,,0,3,2018-12-23,12,.545,22,12,.923,13,23,1,1,34.8,35:39,3,LAC,4,42,W (+2),1,2018-2019,Regular Season,0,6,GSW
23,-9,2,.250,8,5,,0,2,2018-12-25,5,.294,17,3,1.000,3,24,1,1,7.2,36:48,0,LAL,5,15,L (-26),1,2018-2019,Regular Season,1,2,GSW
24,-3,6,.400,15,7,,2,4,2018-12-27,11,.423,26,1,.333,3,25,1,1,17.2,41:38,1,POR,1,29,L (-1),2,2018-2019,Regular Season,7,5,GSW
25,+10,2,.250,8,8,@,1,4,2018-12-29,6,.400,15,11,.786,14,26,1,1,23.5,36:11,1,POR,1,25,W (+10),2,2018-2019,Regular Season,2,5,GSW
26,+15,5,.556,9,4,@,0,8,2018-12-31,11,.647,17,7,1.000,7,27,1,1,29.6,31:53,1,PHO,2,34,W (+23),1,2018-2019,Regular Season,3,9,GSW
27,+3,5,.333,15,6,,0,3,2019-01-03,14,.519,27,2,.667,3,28,1,1,19.8,40:13,0,HOU,4,35,L (-1),0,2018-2019,Regular Season,5,3,GSW
28,+12,10,.500,20,2,@,0,5,2019-01-05,14,.538,26,4,1.000,4,29,1,1,27.5,38:29,0,SAC,2,42,W (+4),2,2018-2019,Regular Season,6,5,GSW
29,+36,3,.250,12,14,,0,6,2019-01-08,5,.263,19,1,1.000,1,30,1,1,13.8,31:58,1,NYK,3,14,W (+27),1,2018-2019,Regular Season,1,7,GSW
30,+39,5,.455,11,8,,0,3,2019-01-11,10,.625,16,3,1.000,3,31,1,1,24.7,27:12,2,CHI,0,28,W (+37),0,2018-2019,Regular Season,4,5,GSW
31,+9,11,.579,19,5,@,2,3,2019-01-13,17,.531,32,3,1.000,3,32,1,1,39.3,36:51,3,DAL,5,48,W (+5),1,2018-2019,Regular Season,0,6,GSW
32,+25,8,.615,13,4,@,0,5,2019-01-15,10,.556,18,3,1.000,3,33,1,1,23.6,29:42,1,DEN,2,31,W (+31),0,2018-2019,Regular Season,3,6,GSW
33,+20,9,.529,17,3,,0,4,2019-01-16,11,.500,22,10,1.000,10,34,1,1,31.8,35:08,1,NOP,3,41,W (+7),1,2018-2019,Regular Season,2,5,GSW
34,+9,3,.273,11,4,@,1,5,2019-01-18,10,.526,19,5,1.000,5,35,1,1,22.9,33:03,0,LAC,2,28,W (+18),1,2018-2019,Regular Season,1,5,GSW
35,+27,2,.200,10,12,@,0,4,2019-01-21,3,.250,12,3,1.000,3,36,1,1,13.9,30:08,1,LAL,3,11,W (+19),1,2018-2019,Regular Season,0,5,GSW
36,+13,2,.250,8,3,@,1,4,2019-01-24,14,.583,24,8,1.000,8,37,1,1,27.0,35:28,0,WAS,2,38,W (+8),0,2018-2019,Regular Season,3,4,GSW
37,+4,6,.500,12,3,@,0,3,2019-01-26,7,.467,15,4,1.000,4,38,1,1,17.5,38:04,0,BOS,2,24,W (+4),0,2018-2019,Regular Season,1,3,GSW
38,+10,6,.750,8,3,@,0,5,2019-01-28,10,.769,13,0,,0,39,1,1,22.6,26:49,1,IND,4,26,W (+32),2,2018-2019,Regular Season,3,6,GSW
39,-6,10,.556,18,6,,0,3,2019-01-31,14,.519,27,3,.750,4,40,1,1,27.7,38:12,1,PHI,1,41,L (-9),1,2018-2019,Regular Season,6,4,GSW
40,+13,2,.222,9,2,,0,4,2019-02-02,5,.333,15,2,.667,3,41,1,1,4.9,32:51,0,LAL,2,14,W (+14),0,2018-2019,Regular Season,2,4,GSW
41,+26,3,.600,5,7,,1,4,2019-02-06,7,.583,12,2,.667,3,42,1,1,18.7,28:36,1,SAS,2,19,W (+39),2,2018-2019,Regular Season,3,5,GSW
42,+13,3,.273,11,7,@,1,7,2019-02-08,6,.353,17,5,.833,6,43,1,1,14.8,35:33,0,PHO,5,20,W (+10),1,2018-2019,Regular Season,2,7,GSW
43,-9,5,.500,10,2,,0,3,2019-02-10,9,.500,18,2,1.000,2,44,1,1,18.2,36:25,1,MIA,2,25,W (+2),2,2018-2019,Regular Season,2,4,GSW
44,+5,5,.357,14,4,,2,5,2019-02-12,8,.421,19,3,1.000,3,45,1,1,20.4,36:10,0,UTA,3,24,W (+7),4,2018-2019,Regular Season,2,5,GSW
45,-10,5,.357,14,2,@,0,6,2019-02-13,10,.417,24,7,1.000,7,46,1,1,21.3,32:37,1,POR,2,32,L (-22),0,2018-2019,Regular Season,1,7,GSW
46,+6,10,.625,16,7,,0,6,2019-02-21,12,.522,23,2,1.000,2,47,1,1,30.0,36:14,0,SAC,1,36,W (+2),2,2018-2019,Regular Season,3,6,GSW
47,-1,5,.455,11,7,,1,9,2019-02-23,9,.500,18,2,1.000,2,48,1,1,21.1,35:42,0,HOU,3,25,L (-6),1,2018-2019,Regular Season,3,9,GSW
48,-4,4,.286,14,6,@,0,5,2019-02-25,5,.278,18,2,.667,3,49,1,1,10.3,35:03,0,CHO,1,16,W (+11),4,2018-2019,Regular Season,4,5,GSW
49,+5,4,.286,14,4,@,0,5,2019-02-27,9,.450,20,2,.667,3,50,1,1,14.8,34:23,1,MIA,1,24,L (-1),0,2018-2019,Regular Season,3,6,GSW
50,+1,5,.294,17,6,@,0,7,2019-02-28,12,.364,33,4,1.000,4,51,1,1,18.3,37:23,1,ORL,1,33,L (-7),0,2018-2019,Regular Season,3,8,GSW
51,+2,5,.333,15,2,@,0,3,2019-03-02,10,.435,23,3,1.000,3,52,1,1,19.3,35:56,1,PHI,4,28,W (+3),4,2018-2019,Regular Season,2,4,GSW
52,-21,4,.400,10,4,,0,3,2019-03-05,8,.500,16,3,1.000,3,53,1,1,14.5,30:51,0,BOS,3,23,L (-33),1,2018-2019,Regular Season,4,3,GSW
53,+20,4,.400,10,4,,0,7,2019-03-08,6,.375,16,1,.500,2,54,1,1,4.1,34:21,0,DEN,4,17,W (+17),0,2018-2019,Regular Season,7,7,GSW
54,+7,4,.267,15,8,,1,7,2019-03-10,6,.300,20,2,1.000,2,55,1,1,13.2,34:55,0,PHO,4,18,L (-4),3,2018-2019,Regular Season,3,7,GSW
55,-3,3,.333,9,5,@,0,2,2019-03-13,8,.400,20,5,1.000,5,56,1,1,18.9,35:21,2,HOU,2,24,W (+2),2,2018-2019,Regular Season,1,4,GSW
56,+19,5,.417,12,3,@,0,6,2019-03-16,10,.435,23,8,.800,10,57,1,1,22.3,33:06,1,OKC,1,33,W (+22),2,2018-2019,Regular Season,4,7,GSW
57,+3,6,.333,18,8,@,1,6,2019-03-18,9,.360,25,1,1.000,1,58,1,1,19.7,37:15,1,SAS,3,25,L (-6),3,2018-2019,Regular Season,2,7,GSW
58,+15,8,.571,14,5,@,0,2,2019-03-19,12,.571,21,4,.800,5,59,1,1,30.1,32:35,1,MIN,1,36,W (+10),2,2018-2019,Regular Season,2,3,GSW
59,+24,5,.417,12,7,,0,3,2019-03-21,5,.333,15,0,,0,60,1,1,9.8,29:28,1,IND,3,15,W (+23),1,2018-2019,Regular Season,3,4,GSW
60,+14,5,.500,10,3,,0,7,2019-03-24,9,.474,19,3,1.000,3,61,1,1,18.1,35:26,2,DET,2,26,W (+7),1,2018-2019,Regular Season,4,9,GSW
61,+17,6,.500,12,7,@,1,10,2019-03-27,7,.350,20,8,.889,9,62,1,1,23.8,33:23,0,MEM,3,28,W (+15),1,2018-2019,Regular Season,1,10,GSW
62,+5,11,.579,19,5,@,0,3,2019-03-29,13,.520,25,0,,0,63,1,1,28.3,41:55,0,MIN,2,37,L (-1),2,2018-2019,Regular Season,2,3,GSW
63,+37,5,.625,8,6,,1,5,2019-03-31,8,.571,14,4,1.000,4,64,1,1,25.8,27:28,0,CHO,0,25,W (+47),2,2018-2019,Regular Season,1,5,GSW
64,+25,5,.500,10,5,,0,4,2019-04-02,6,.545,11,0,,0,65,1,1,13.8,30:14,0,DEN,4,17,W (+14),3,2018-2019,Regular Season,4,4,GSW
65,+32,1,.111,9,7,@,0,9,2019-04-04,3,.214,14,0,,0,66,1,1,5.3,29:29,1,LAL,1,7,W (+18),1,2018-2019,Regular Season,2,10,GSW
66,+5,9,.750,12,7,,1,5,2019-04-05,12,.571,21,7,1.000,7,67,1,1,33.5,36:06,1,CLE,1,40,W (+6),0,2018-2019,Regular Season,4,6,GSW
67,+35,3,.300,10,4,,1,5,2019-04-07,11,.550,20,2,1.000,2,68,1,1,22.2,29:35,0,LAC,3,27,W (+27),1,2018-2019,Regular Season,0,5,GSW
68,+1,1,.500,2,1,@,0,1,2019-04-09,2,.500,4,0,,0,69,1,1,2.0,9:25,0,NOP,0,5,W (+9),0,2018-2019,Regular Season,2,1,GSW
0,+8,4,.400,10,9,@,0,4,2013-04-20,7,.350,20,1,1.000,1,1,1,1,11.5,42:56,0,DEN,2,19,L (-2),2,Playoff,WC1,5,4,GSW
1,+15,4,.400,10,13,@,0,5,2013-04-23,13,.565,23,0,,0,2,2,1,30.1,41:38,0,DEN,4,30,W (+14),3,Playoff,WC1,1,5,GSW
2,+13,4,.571,7,11,,0,6,2013-04-26,8,.471,17,9,1.000,9,3,3,1,27.2,37:50,0,DEN,4,29,W (+2),2,Playoff,WC1,3,6,GSW
3,+21,6,.545,11,7,,0,3,2013-04-28,10,.625,16,5,1.000,5,4,4,1,30.0,33:06,0,DEN,4,31,W (+14),4,Playoff,WC1,2,3,GSW
4,-3,1,.167,6,8,@,1,3,2013-04-30,7,.368,19,0,,0,5,5,1,8.4,41:52,1,DEN,5,15,L (-7),0,Playoff,WC1,2,4,GSW
5,-2,4,.500,8,8,,0,3,2013-05-02,6,.429,14,6,1.000,6,6,6,1,15.6,41:56,1,DEN,3,22,W (+4),2,Playoff,WC1,7,4,GSW
6,-2,6,.429,14,11,@,0,4,2013-05-06,18,.514,35,2,1.000,2,7,1,1,30.4,57:56,0,SAS,3,44,L (-2),2,Playoff,WCS,6,4,GSW
7,+16,2,.333,6,4,@,0,4,2013-05-08,7,.350,20,6,.667,9,8,2,1,11.8,43:01,0,SAS,2,22,W (+9),1,Playoff,WCS,2,4,GSW
8,+1,3,.333,9,8,,0,2,2013-05-10,5,.294,17,3,1.000,3,9,3,1,10.1,42:28,0,SAS,3,16,L (-10),2,Playoff,WCS,3,2,GSW
9,+23,5,.500,10,4,,0,4,2013-05-12,7,.467,15,3,1.000,3,10,4,1,16.9,38:36,2,SAS,2,22,W (+10),0,Playoff,WCS,2,6,GSW
10,-21,1,.143,7,8,@,0,0,2013-05-14,4,.286,14,0,,0,11,5,1,3.0,34:45,0,SAS,1,9,L (-18),1,Playoff,WCS,4,0,GSW
11,-19,2,.250,8,6,,1,3,2013-05-16,10,.400,25,0,,0,12,6,1,12.2,40:26,1,SAS,2,22,L (-12),1,Playoff,WCS,3,4,GSW
12,+5,2,.333,6,7,@,0,2,2014-04-19,6,.375,16,0,,0,1,1,1,7.0,44:39,1,LAC,1,14,W (+4),3,Playoff,WC1,7,3,GSW
13,-27,1,.143,7,8,@,0,1,2014-04-21,9,.529,17,5,1.000,5,2,2,1,20.0,31:00,0,LAC,4,24,L (-40),2,Playoff,WC1,2,1,GSW
14,-1,3,.375,8,15,,0,2,2014-04-24,5,.417,12,3,.750,4,3,3,1,17.1,43:25,0,LAC,3,16,L (-2),1,Playoff,WC1,3,2,GSW
15,+25,7,.500,14,7,,1,6,2014-04-27,10,.500,20,6,.857,7,4,4,1,28.5,42:23,1,LAC,3,33,W (+21),1,Playoff,WC1,2,7,GSW
16,-3,4,.571,7,4,@,0,3,2014-04-29,5,.500,10,3,1.000,3,5,5,1,8.9,43:42,0,LAC,2,17,L (-10),2,Playoff,WC1,8,3,GSW
17,+4,2,.250,8,9,,0,3,2014-05-01,9,.375,24,4,.571,7,6,6,1,15.1,45:29,1,LAC,1,24,W (+1),0,Playoff,WC1,2,4,GSW
18,+2,3,.429,7,9,@,0,4,2014-05-03,7,.412,17,16,1.000,16,7,7,1,31.5,45:50,1,LAC,4,33,L (-5),3,Playoff,WC1,2,5,GSW
19,+20,4,.308,13,5,,0,4,2015-04-18,13,.520,25,4,.571,7,1,1,1,23.6,40:06,0,NOP,4,34,W (+7),3,Playoff,WC1,3,4,GSW
20,+3,3,.333,9,6,,0,4,2015-04-20,9,.429,21,1,1.000,1,2,2,1,11.9,37:05,0,NOP,1,22,W (+10),1,Playoff,WC1,5,4,GSW
21,+13,7,.389,18,9,@,0,4,2015-04-23,10,.345,29,13,.929,14,3,3,1,27.3,43:51,1,NOP,3,40,W (+4),0,Playoff,WC1,3,5,GSW
22,+14,6,.750,8,9,@,0,5,2015-04-25,11,.550,20,11,.917,12,4,4,1,33.3,38:14,3,NOP,4,39,W (+11),1,Playoff,WC1,5,8,GSW
23,+14,4,.500,8,7,,0,1,2015-05-03,8,.444,18,2,1.000,2,5,1,1,18.1,37:36,1,MEM,1,22,W (+15),4,Playoff,WCS,4,2,GSW
24,-7,2,.182,11,6,,0,5,2015-05-05,7,.368,19,3,.750,4,6,2,1,10.8,40:43,0,MEM,0,19,L (-7),0,Playoff,WCS,3,5,GSW
25,-6,2,.200,10,6,@,1,1,2015-05-09,8,.381,21,5,.714,7,7,3,1,13.2,39:33,1,MEM,1,23,L (-10),1,Playoff,WCS,4,2,GSW
26,+19,4,.444,9,5,@,0,6,2015-05-11,11,.500,22,7,.778,9,8,4,1,24.3,38:35,2,MEM,4,33,W (+17),2,Playoff,WCS,4,8,GSW
27,+16,6,.462,13,5,,0,5,2015-05-13,6,.375,16,0,,0,9,5,1,16.6,32:33,2,MEM,0,18,W (+20),6,Playoff,WCS,5,7,GSW
28,+11,8,.615,13,10,@,0,6,2015-05-15,11,.440,25,2,1.000,2,10,6,1,22.5,38:40,0,MEM,3,32,W (+13),0,Playoff,WCS,4,6,GSW
29,+11,6,.545,11,5,,0,6,2015-05-19,13,.591,22,2,.667,3,11,1,1,28.5,39:25,0,HOU,3,34,W (+4),2,Playoff,WCF,1,6,GSW
30,-7,5,.455,11,6,,0,3,2015-05-21,13,.619,21,2,.667,3,12,2,1,22.4,36:46,0,HOU,2,33,W (+1),1,Playoff,WCF,6,3,GSW
31,+33,7,.778,9,7,@,1,2,2015-05-23,12,.632,19,9,.900,10,13,3,1,36.6,34:58,3,HOU,2,40,W (+35),2,Playoff,WCF,4,5,GSW
32,-20,6,.462,13,4,@,0,0,2015-05-25,7,.389,18,3,1.000,3,14,4,1,15.5,30:59,1,HOU,3,23,L (-13),0,Playoff,WCF,0,1,GSW
33,+1,3,.273,11,6,,0,7,2015-05-27,7,.333,21,9,.750,12,15,5,1,20.7,41:48,1,HOU,3,26,W (+14),5,Playoff,WCF,3,8,GSW
34,+4,2,.333,6,8,,0,4,2015-06-04,10,.500,20,4,1.000,4,16,1,1,20.4,42:39,0,CLE,1,26,W (+8),2,Playoff,FIN,4,4,GSW
35,-2,2,.133,15,5,,0,6,2015-06-07,5,.217,23,7,.875,8,17,2,1,2.2,42:16,0,CLE,4,19,L (-2),0,Playoff,FIN,6,6,GSW
36,-6,7,.538,13,6,@,1,4,2015-06-09,10,.500,20,0,,0,18,3,1,20.7,43:46,2,CLE,2,27,L (-5),3,Playoff,FIN,6,6,GSW
37,+18,4,.571,7,7,@,0,2,2015-06-11,8,.471,17,2,1.000,2,19,4,1,15.4,41:03,0,CLE,1,22,W (+21),1,Playoff,FIN,4,2,GSW
38,+24,7,.538,13,4,,0,4,2015-06-14,13,.565,23,4,1.000,4,20,5,1,28.4,42:07,3,CLE,2,37,W (+13),2,Playoff,FIN,5,7,GSW
39,+14,3,.273,11,8,@,0,6,2015-06-16,8,.421,19,6,.750,8,21,6,1,20.3,43:06,0,CLE,3,25,W (+8),3,Playoff,FIN,3,6,GSW
40,+28,5,.714,7,2,,0,6,2016-04-16,8,.615,13,3,1.000,3,1,1,1,21.0,19:49,1,HOU,0,24,W (+26),3,Playoff,WC1,4,7,GSW
41,0,1,.143,7,5,@,0,0,2016-04-24,2,.222,9,1,1.000,1,2,4,1,0.0,18:35,0,HOU,0,6,W (+27),1,Playoff,WC1,5,0,GSW
42,+21,5,.313,16,8,@,0,8,2016-05-09,16,.500,32,3,1.000,3,3,4,0,27.9,36:34,1,POR,2,40,W (+7),0,Playoff,WCS,4,9,GSW
43,+10,5,.455,11,11,,0,5,2016-05-11,10,.500,20,4,1.000,4,4,5,1,24.4,36:30,0,POR,2,29,W (+4),1,Playoff,WCS,4,5,GSW
44,-6,6,.429,14,7,,0,9,2016-05-16,9,.409,22,2,1.000,2,5,1,1,17.3,39:40,1,OKC,3,26,L (-6),3,Playoff,WCF,7,10,GSW
45,+24,5,.625,8,3,,0,2,2016-05-18,9,.600,15,5,1.000,5,6,2,1,21.8,29:40,0,OKC,0,28,W (+27),1,Playoff,WCF,3,2,GSW
46,-39,3,.273,11,3,@,0,5,2016-05-22,7,.412,17,7,.875,8,7,3,1,18.7,29:44,0,OKC,1,24,L (-28),2,Playoff,WCF,1,5,GSW
47,-19,2,.200,10,5,@,0,5,2016-05-24,6,.300,20,5,.714,7,8,4,1,6.8,39:00,0,OKC,2,19,L (-24),2,Playoff,WCF,6,5,GSW
48,+6,3,.375,8,6,,0,7,2016-05-26,9,.450,20,10,1.000,10,9,5,1,26.9,37:27,0,OKC,0,31,W (+9),5,Playoff,WCF,5,7,GSW
49,+12,6,.429,14,9,@,0,8,2016-05-28,9,.409,22,7,.778,9,10,6,1,26.3,41:01,2,OKC,3,31,W (+7),2,Playoff,WCF,3,10,GSW
50,+18,7,.583,12,8,,0,4,2016-05-30,13,.542,24,3,1.000,3,11,7,1,28.5,40:24,1,OKC,1,36,W (+8),0,Playoff,WCF,3,5,GSW
51,-1,3,.375,8,6,,0,4,2016-06-02,4,.267,15,0,,0,12,1,1,2.4,35:54,1,CLE,2,11,W (+15),0,Playoff,FIN,5,5,GSW
52,+25,4,.500,8,4,,1,8,2016-06-05,7,.636,11,0,,0,13,2,1,14.1,24:43,1,CLE,4,18,W (+33),0,Playoff,FIN,4,9,GSW
53,-22,3,.333,9,3,@,0,0,2016-06-08,6,.462,13,4,1.000,4,14,3,1,9.5,30:59,1,CLE,4,19,L (-30),2,Playoff,FIN,6,1,GSW
54,+10,7,.538,13,6,@,0,2,2016-06-10,11,.440,25,9,.900,10,15,4,1,29.2,39:39,3,CLE,3,38,W (+11),2,Playoff,FIN,3,5,GSW
55,-6,5,.333,15,4,,3,5,2016-06-13,8,.381,21,4,1.000,4,16,5,1,16.5,40:07,2,CLE,2,25,L (-15),0,Playoff,FIN,4,7,GSW
56,-11,6,.462,13,1,@,0,2,2016-06-16,8,.400,20,8,.889,9,17,6,1,14.7,35:14,0,CLE,6,30,L (-14),1,Playoff,FIN,4,2,GSW
57,-3,4,.286,14,2,,1,5,2016-06-19,6,.316,19,1,1.000,1,18,7,1,5.1,39:16,0,CLE,4,17,L (-4),1,Playoff,FIN,4,5,GSW
58,+5,3,.375,8,4,,1,4,2017-04-16,9,.474,19,8,1.000,8,1,1,1,18.7,35:45,1,POR,5,29,W (+12),1,Playoff,WC1,5,5,GSW
59,+32,4,.333,12,6,,1,5,2017-04-19,6,.333,18,3,.600,5,2,2,1,14.0,30:49,0,POR,1,19,W (+29),4,Playoff,WC1,4,5,GSW
60,+13,5,.357,14,8,@,1,3,2017-04-22,10,.400,25,9,.900,10,3,3,1,28.6,38:42,1,POR,1,34,W (+6),2,Playoff,WC1,1,4,GSW
61,+29,7,.636,11,8,@,0,5,2017-04-24,12,.600,20,6,.857,7,4,4,1,32.9,29:43,2,POR,0,37,W (+25),1,Playoff,WC1,4,7,GSW
62,+5,1,.250,4,5,,0,6,2017-05-02,7,.636,11,7,1.000,7,5,1,1,19.7,29:59,1,UTA,1,22,W (+12),1,Playoff,WCS,4,7,GSW
63,+14,5,.625,8,6,,0,3,2017-05-04,8,.533,15,2,1.000,2,6,2,1,19.3,38:10,1,UTA,3,23,W (+11),2,Playoff,WCS,3,4,GSW
64,+17,3,.273,11,4,@,0,5,2017-05-06,6,.300,20,8,.889,9,7,3,1,14.5,36:30,0,UTA,2,23,W (+11),0,Playoff,WCS,0,5,GSW
65,+33,4,.400,10,7,@,1,4,2017-05-08,9,.600,15,8,1.000,8,8,4,1,27.8,35:21,1,UTA,2,30,W (+26),0,Playoff,WCS,2,5,GSW
66,+8,7,.438,16,3,,0,5,2017-05-14,14,.538,26,5,.714,7,9,1,1,31.6,39:11,2,SAS,0,40,W (+2),3,Playoff,WCF,3,7,GSW
67,+24,6,.667,9,7,,0,6,2017-05-16,8,.615,13,7,1.000,7,10,2,1,30.3,30:33,1,SAS,3,29,W (+36),3,Playoff,WCF,2,7,GSW
68,+20,3,.429,7,3,@,0,4,2017-05-20,8,.533,15,2,1.000,2,11,3,1,17.5,33:30,1,SAS,3,21,W (+12),6,Playoff,WCF,5,5,GSW
69,+15,5,.385,13,6,@,0,5,2017-05-22,14,.583,24,3,1.000,3,12,4,1,23.7,33:54,0,SAS,2,36,W (+14),0,Playoff,WCF,6,5,GSW
70,+20,6,.545,11,10,,0,5,2017-06-01,11,.500,22,0,,0,13,1,1,26.0,34:29,1,CLE,3,28,W (+22),3,Playoff,FIN,2,6,GSW
71,+21,4,.364,11,11,,0,8,2017-06-04,7,.412,17,14,1.000,14,14,2,1,26.2,36:15,2,CLE,3,32,W (+19),1,Playoff,FIN,8,10,GSW
72,+11,5,.556,9,6,@,0,8,2017-06-07,8,.421,19,5,1.000,5,15,3,1,25.8,39:22,5,CLE,3,26,W (+5),2,Playoff,FIN,1,13,GSW
73,-26,2,.222,9,10,@,0,4,2017-06-09,4,.308,13,4,.800,5,16,4,1,12.2,37:45,1,CLE,2,14,L (-21),2,Playoff,FIN,4,5,GSW
74,+3,2,.222,9,10,,0,4,2017-06-12,10,.500,20,12,.800,15,17,5,1,30.2,40:48,2,CLE,3,34,W (+9),3,Playoff,FIN,4,6,GSW
75,+26,5,.500,10,2,,0,7,2018-05-01,8,.533,15,7,1.000,7,1,2,0,20.4,27:14,0,NOP,2,28,W (+5),3,Playoff,WCS,6,7,GSW
76,-12,3,.333,9,2,@,2,4,2018-05-04,6,.316,19,4,1.000,4,2,3,1,14.1,28:33,2,NOP,1,19,L (-19),4,Playoff,WCS,3,6,GSW
77,+21,4,.444,9,2,@,0,1,2018-05-06,8,.471,17,3,1.000,3,3,4,1,13.6,31:53,0,NOP,1,23,W (+26),0,Playoff,WCS,2,1,GSW
78,+9,3,.500,6,8,,0,7,2018-05-08,10,.625,16,5,1.000,5,4,5,1,24.7,37:02,0,NOP,2,28,W (+9),1,Playoff,WCS,4,7,GSW
79,+5,1,.200,5,8,@,1,5,2018-05-14,8,.533,15,1,.500,2,5,1,1,17.8,35:10,1,HOU,5,18,W (+13),2,Playoff,WCF,1,6,GSW
80,-20,1,.125,8,7,@,0,7,2018-05-16,7,.368,19,1,1.000,1,6,2,1,9.3,34:06,0,HOU,3,16,L (-22),0,Playoff,WCF,2,7,GSW
81,+24,5,.417,12,1,,1,4,2018-05-20,13,.565,23,4,1.000,4,7,3,1,26.3,34:21,2,HOU,2,35,W (+41),0,Playoff,WCF,1,6,GSW
82,+10,6,.462,13,2,,0,6,2018-05-22,10,.385,26,2,1.000,2,8,4,1,14.8,38:33,0,HOU,3,28,L (-3),2,Playoff,WCF,3,6,GSW
83,-9,2,.250,8,6,@,0,6,2018-05-24,8,.471,17,4,.800,5,9,5,1,19.8,41:23,1,HOU,2,22,L (-4),4,Playoff,WCF,3,7,GSW
84,+33,5,.357,14,6,,3,5,2018-05-26,12,.522,23,0,,0,10,6,1,22.7,39:56,0,HOU,2,29,W (+29),0,Playoff,WCF,2,5,GSW
85,+13,7,.467,15,10,@,1,9,2018-05-28,10,.455,22,0,,0,11,7,1,23.4,44:23,0,HOU,4,27,W (+9),4,Playoff,WCF,5,9,GSW
86,+10,5,.455,11,9,,0,6,2018-05-31,11,.478,23,2,1.000,2,12,1,1,24.0,46:26,0,CLE,1,29,W (+10),1,Playoff,FIN,2,6,GSW
87,+19,9,.529,17,8,,0,6,2018-06-03,11,.423,26,2,1.000,2,13,2,1,22.1,37:53,1,CLE,3,33,W (+19),1,Playoff,FIN,5,7,GSW
88,0,1,.100,10,6,@,0,5,2018-06-06,3,.188,16,4,1.000,4,14,3,1,4.5,39:15,0,CLE,3,11,W (+8),1,Playoff,FIN,2,5,GSW
89,+18,7,.467,15,4,@,3,4,2018-06-08,12,.444,27,6,1.000,6,15,4,1,29.8,38:44,2,CLE,4,37,W (+23),3,Playoff,FIN,2,6,GSW
90,+26,8,.667,12,7,,1,12,2019-04-13,11,.688,16,8,.889,9,1,1,1,36.5,36:42,3,LAC,4,38,W (+17),0,Playoff,WC1,4,15,GSW
91,+5,5,.455,11,6,,0,1,2019-04-15,8,.444,18,8,1.000,8,2,2,1,21.5,33:53,0,LAC,4,29,L (-4),3,Playoff,WC1,4,1,GSW
92,+19,4,.667,6,1,@,0,5,2019-04-18,7,.636,11,3,1.000,3,3,3,1,14.3,20:00,0,LAC,5,21,W (+27),0,Playoff,WC1,2,5,GSW
93,-2,1,.111,9,7,@,0,10,2019-04-21,3,.214,14,5,1.000,5,4,4,1,9.7,34:44,0,LAC,4,12,W (+8),3,Playoff,WC1,3,10,GSW
94,-3,4,.800,5,4,,1,3,2019-04-24,7,.467,15,6,1.000,6,5,5,1,16.9,38:05,0,LAC,2,24,L (-8),0,Playoff,WC1,3,3,GSW
95,+20,2,.400,5,6,@,0,6,2019-04-26,8,.571,14,6,1.000,6,6,6,1,22.6,37:30,0,LAC,2,24,W (+19),1,Playoff,WC1,1,6,GSW
96,+4,3,.300,10,4,,0,7,2019-04-28,5,.417,12,5,1.000,5,7,1,1,12.5,37:03,0,HOU,5,18,W (+4),1,Playoff,WCS,3,7,GSW
97,+9,3,.231,13,5,,1,2,2019-04-30,6,.375,16,5,1.000,5,8,2,1,13.7,33:08,1,HOU,5,20,W (+6),2,Playoff,WCS,3,3,GSW
98,-1,2,.222,9,4,@,0,3,2019-05-04,7,.304,23,1,.333,3,9,3,1,3.6,44:30,0,HOU,5,17,L (-5),2,Playoff,WCS,3,3,GSW
99,+4,4,.286,14,8,@,0,4,2019-05-06,12,.480,25,2,1.000,2,10,4,1,20.9,43:10,0,HOU,3,30,L (-4),1,Playoff,WCS,3,4,GSW
100,+9,3,.273,11,5,,0,4,2019-05-08,9,.391,23,4,.800,5,11,5,1,14.4,43:39,2,HOU,2,25,W (+5),0,Playoff,WCS,3,6,GSW
101,+8,4,.364,11,4,@,0,5,2019-05-10,9,.450,20,11,1.000,11,12,6,1,22.3,34:12,0,HOU,4,33,W (+5),0,Playoff,WCS,3,5,GSW
102,+10,9,.600,15,7,,0,5,2019-05-14,12,.522,23,3,1.000,3,13,1,1,30.6,35:29,1,POR,3,36,W (+22),1,Playoff,WCF,1,6,GSW
103,+10,4,.286,14,8,,0,8,2019-05-16,11,.500,22,11,1.000,11,14,2,1,27.2,38:34,0,POR,2,37,W (+3),0,Playoff,WCF,6,8,GSW
104,+19,6,.375,16,3,@,0,6,2019-05-18,11,.423,26,8,.889,9,15,3,1,19.5,37:17,0,POR,3,36,W (+11),0,Playoff,WCF,5,6,GSW
105,+3,7,.438,16,11,@,0,9,2019-05-20,11,.440,25,8,.889,9,16,4,1,35.7,47:24,4,POR,0,37,W (+2),1,Playoff,WCF,2,13,GSW
106,-9,4,.444,9,5,@,0,4,2019-05-30,8,.444,18,14,1.000,14,17,1,1,26.4,40:16,1,TOR,4,34,L (-9),1,Playoff,FIN,3,5,GSW
107,+12,3,.300,10,4,@,0,3,2019-06-02,6,.353,17,8,.889,9,18,2,1,17.6,40:40,0,TOR,3,23,W (+5),3,Playoff,FIN,1,3,GSW
108,-8,6,.429,14,7,,0,6,2019-06-05,14,.452,31,13,.929,14,19,3,1,37.2,43:15,2,TOR,1,47,L (-14),2,Playoff,FIN,3,8,GSW
109,-11,2,.222,9,6,,0,4,2019-06-07,9,.409,22,7,.875,8,20,4,1,16.6,42:59,0,TOR,4,27,L (-13),1,Playoff,FIN,3,4,GSW
110,-2,5,.357,14,7,@,0,6,2019-06-10,10,.435,23,6,1.000,6,21,5,1,23.0,41:11,2,TOR,0,31,W (+1),0,Playoff,FIN,4,8,GSW
111,-1,3,.273,11,7,,1,2,2019-06-13,6,.353,17,6,1.000,6,22,6,1,16.2,41:53,1,TOR,3,21,L (-4),2,Playoff,FIN,3,3,GSW
